X,Y,CAMERA_ID,ENFORCEMENT,WARD,ANC,SPEED,VENDOR,CAMERA_TYPE,ADDRESS,start_date_x,end_date_x,start_date_y,end_date_y
-77.00318715,38.92460757,108,SPEED SAFETY CAMERA,5,5E,25,VM,SPEED,2600 BLK LINCOLN RD NE N/B,2018-08-15 04:00:00+00:00,2020-12-19 05:00:00+00:00,2018-08-15 04:00:00+00:00,2020-12-19 05:00:00+00:00
-76.977984,38.937441,109,SPEED SAFETY CAMERA,5,5B,25,VM,SPEED,3900 BLK SOUTH DAKOTA AVE NE SE/B,2018-01-01 05:00:00+00:00,2020-12-19 05:00:00+00:00,2018-01-01 05:00:00+00:00,2020-12-19 05:00:00+00:00
-76.977984,38.937441,110,SPEED SAFETY CAMERA,5,5B,25,VM,SPEED,3900 BLK SOUTH DAKOTA AVE NE NW/B,2019-04-28 04:00:00+00:00,2020-12-19 05:00:00+00:00,2019-04-28 04:00:00+00:00,2020-12-19 05:00:00+00:00
-77.03195303,38.91700558,111,RED LIGHT SAFETY CAMERA,2-Jan,1B/2B,,VM,RED LIGHT OR STOP,14TH ST S/B @ U ST NW,2018-01-01 05:00:00+00:00,2020-12-20 05:00:00+00:00,2018-01-01 05:00:00+00:00,2020-12-20 05:00:00+00:00
-76.92182623,38.88975877,112,SPEED SAFETY CAMERA,7,7C/7E,25,Sensys,SPEED,5500 BLK E CAPITOL ST SE E/B,2020-02-03 05:00:00+00:00,2020-12-19 05:00:00+00:00,2020-02-03 05:00:00+00:00,2020-12-19 05:00:00+00:00
-77.01422841,38.89983889,113,SPEED SAFETY CAMERA,6,6E,25,Sensys,SPEED,3RD ST TUNNEL NW S/B BY 3RD ST,2018-01-01 05:00:00+00:00,2020-12-18 05:00:00+00:00,2018-01-01 05:00:00+00:00,2020-12-18 05:00:00+00:00
-77.01403013,38.89974358,114,SPEED SAFETY CAMERA,6,6E,25,Sensys,SPEED,3RD ST TUNNEL NW N/B BY MA AVE,2018-01-01 05:00:00+00:00,2020-12-18 05:00:00+00:00,2018-01-01 05:00:00+00:00,2020-12-18 05:00:00+00:00
-77.02239466,38.92326663,115,SPEED SAFETY CAMERA,1,1B,25,VM,SPEED,2500 BLK GEORGIA AVE NW S/B,2018-09-21 04:00:00+00:00,2020-12-18 05:00:00+00:00,2018-09-21 04:00:00+00:00,2020-12-18 05:00:00+00:00
-77.01723181,38.91223881,116,SPEED SAFETY CAMERA,6-May,5E/6E,25,,SPEED,1600 BLK NEW JERSEY AVE NW S/B,2020-04-10 04:00:00+00:00,2020-12-19 05:00:00+00:00,2020-04-10 04:00:00+00:00,2020-12-19 05:00:00+00:00
-77.00334977,38.9560662,117,SPEED SAFETY CAMERA,5-Apr,4B/5A,25,VM,SPEED,200 BLK RIGGS RD NE E/B,2018-01-01 05:00:00+00:00,2020-12-18 05:00:00+00:00,2018-01-01 05:00:00+00:00,2020-12-18 05:00:00+00:00
-77.03341609,38.95349246,118,SPEED SAFETY CAMERA,4,4C,25,VM,SPEED,5200 BLK 14TH ST NW S/B,2018-01-05 05:00:00+00:00,2020-12-19 05:00:00+00:00,2018-01-05 05:00:00+00:00,2020-12-19 05:00:00+00:00
-76.97728307,38.90958674,119,SPEED SAFETY CAMERA,5,5C,25,VM,SPEED,1400 BLK BLADENSBURG RD NE S/B,2020-03-01 05:00:00+00:00,2020-12-19 05:00:00+00:00,2020-03-01 05:00:00+00:00,2020-12-19 05:00:00+00:00
-76.98271026,38.93296186,120,SPEED SAFETY CAMERA,5,5B,,VM,SPEED,MONROE ST E/B @ 16TH ST NE,2020-04-09 04:00:00+00:00,2020-10-14 04:00:00+00:00,2020-04-09 04:00:00+00:00,2020-10-14 04:00:00+00:00
-77.00904245,38.92399162,121,SPEED SAFETY CAMERA,5,5E,,VM,SPEED,2500 BLK N CAPITOL ST NE N/B,2018-01-04 05:00:00+00:00,2020-12-19 05:00:00+00:00,2018-01-04 05:00:00+00:00,2020-12-19 05:00:00+00:00
-76.95238742,38.89508284,122,SPEED SAFETY CAMERA,7,7F,50,VM,SPEED,DC295 NE AT BENNING RD EXIT N/B,2019-12-03 05:00:00+00:00,2020-12-19 05:00:00+00:00,2019-12-03 05:00:00+00:00,2020-12-19 05:00:00+00:00
-76.94774487,38.8897162,123,SPEED SAFETY CAMERA,7,7F,25,VM,SPEED,3900 BLK E CAPITOL ST SE E/B,2020-02-28 05:00:00+00:00,2020-12-19 05:00:00+00:00,2020-02-28 05:00:00+00:00,2020-12-19 05:00:00+00:00
-76.94609942,38.88984303,124,SPEED SAFETY CAMERA,7,7F,25,VM,SPEED,4000 BLK EAST CAPITOL ST NE W/B,2019-11-21 05:00:00+00:00,2020-11-05 05:00:00+00:00,2019-11-21 05:00:00+00:00,2020-11-05 05:00:00+00:00
-76.96389108,38.87073404,125,SPEED SAFETY CAMERA,7,7B,25,VM,SPEED,3000 BLK PENNSYLVANIA AVE SE NW/B,2018-01-01 05:00:00+00:00,2020-12-19 05:00:00+00:00,2018-01-01 05:00:00+00:00,2020-12-19 05:00:00+00:00
-77.01659456,38.82275361,126,SPEED SAFETY CAMERA,8,8D,,VM,SPEED,DC295 SW .05 MILE S/O EXIT 1 N/B,2019-06-11 04:00:00+00:00,2020-12-19 05:00:00+00:00,2019-06-11 04:00:00+00:00,2020-12-19 05:00:00+00:00
-77.00787634,38.84280147,127,SPEED SAFETY CAMERA,8,8C,,VM,SPEED,DC295 SE 0.4 MILES S/O E/2 S/B (WZ),2020-03-17 04:00:00+00:00,2020-12-19 05:00:00+00:00,2020-03-17 04:00:00+00:00,2020-12-19 05:00:00+00:00
-77.02789348,38.93065007,1,STOP SIGN SAFETY CAMERA,1,1A,,Sensys,RED LIGHT OR STOP,11TH ST N/B @ LAMONT ST NW,2019-09-09 04:00:00+00:00,2020-12-22 05:00:00+00:00,2019-09-09 04:00:00+00:00,2020-12-22 05:00:00+00:00
-77.05565099,38.93563653,2,SPEED SAFETY CAMERA,3,3C,25,Sensys,SPEED,2500 BLK PORTER ST NW W/B,2019-12-30 05:00:00+00:00,2020-12-19 05:00:00+00:00,2019-12-30 05:00:00+00:00,2020-12-19 05:00:00+00:00
-77.03641719,38.9525426,3,SPEED SAFETY CAMERA,4,4A/4C,25,Sensys,SPEED,16TH ST S/B @ COLORADO AVE NW,2018-01-01 05:00:00+00:00,2020-12-19 05:00:00+00:00,2018-01-01 05:00:00+00:00,2020-12-19 05:00:00+00:00
-77.07857146,38.91269691,4,SPEED SAFETY CAMERA,2,2E,25,VM,SPEED,4300 BLK RESERVOIR RD NW E/B,2018-01-01 05:00:00+00:00,2020-12-19 05:00:00+00:00,2018-01-01 05:00:00+00:00,2020-12-19 05:00:00+00:00
-77.07313033,38.92416705,5,SPEED SAFETY CAMERA,3,3B/3C,25,Sensys,SPEED,2600 BLK WISCONSIN AVE NW N/B,2018-01-05 05:00:00+00:00,2020-12-19 05:00:00+00:00,2018-01-05 05:00:00+00:00,2020-12-19 05:00:00+00:00
-77.09224011,38.91390143,6,SPEED SAFETY CAMERA,3,3D,25,VM,SPEED,4700 BLK MACARTHUR BLVD NW S/B,2018-09-19 04:00:00+00:00,2020-12-19 05:00:00+00:00,2018-09-19 04:00:00+00:00,2020-12-19 05:00:00+00:00
-77.01389471,38.93129393,7,SPEED SAFETY CAMERA,5,5A/5E,25,Sensys,SPEED,100 BLK IRVING ST NW W/B,2020-01-23 05:00:00+00:00,2020-12-19 05:00:00+00:00,2020-01-23 05:00:00+00:00,2020-12-19 05:00:00+00:00
-77.00607522,38.93448736,8,SPEED SAFETY CAMERA,5,5A,25,VM,SPEED,3000 BLK N CAPITOL ST NW S/B,2018-01-01 05:00:00+00:00,2020-12-19 05:00:00+00:00,2018-01-01 05:00:00+00:00,2020-12-19 05:00:00+00:00
-76.98127064,38.87241959,9,SPEED SAFETY CAMERA,8,8A,50,VM,SPEED,DC 295 .4 MI S/O PENN AVE SE SW/B,2018-01-01 05:00:00+00:00,2020-12-19 05:00:00+00:00,2018-01-01 05:00:00+00:00,2020-12-19 05:00:00+00:00
-76.97083865,38.94120727,10,SPEED SAFETY CAMERA,5,5B,25,Sensys,SPEED,4200 BLK EASTERN AVE NE SE/B,2018-01-01 05:00:00+00:00,2020-12-17 05:00:00+00:00,2018-01-01 05:00:00+00:00,2020-12-17 05:00:00+00:00
-76.95977591,38.86606635,11,SPEED SAFETY CAMERA,7,7B,25,VM,SPEED,1900 BLK BRANCH AVE SE S/B,2018-01-01 05:00:00+00:00,2018-08-29 04:00:00+00:00,2018-01-01 05:00:00+00:00,2018-08-29 04:00:00+00:00
-76.96897301,38.86948244,12,STOP SIGN SAFETY CAMERA,7,7B,,Sensys,RED LIGHT OR STOP,27TH ST N/B @ R ST SE,2018-01-01 05:00:00+00:00,2020-12-22 05:00:00+00:00,2018-01-01 05:00:00+00:00,2020-12-22 05:00:00+00:00
-76.9833049,38.85330512,13,SPEED SAFETY CAMERA,8,8B/8E,25,Sensys,SPEED,SUITLAND PK W/B @ STANTON RD SE,2018-01-01 05:00:00+00:00,2020-12-19 05:00:00+00:00,2018-01-01 05:00:00+00:00,2020-12-19 05:00:00+00:00
-76.97232169,38.86288029,14,SPEED SAFETY CAMERA,8,8B,25,Sensys,SPEED,2300 BLK GOOD HOPE RD SE NW/B,2018-01-02 05:00:00+00:00,2020-11-16 05:00:00+00:00,2018-01-02 05:00:00+00:00,2020-11-16 05:00:00+00:00
-76.98232468,38.85084256,15,STOP SIGN SAFETY CAMERA,8,8E,,Sensys,RED LIGHT OR STOP,BRUCE PL E/B @ 15TH PL SE,2018-01-01 05:00:00+00:00,2020-12-22 05:00:00+00:00,2018-01-01 05:00:00+00:00,2020-12-22 05:00:00+00:00
-77.03342693,38.96204978,16,SPEED SAFETY CAMERA,4,4A,25,Sensys,SPEED,MILITARY RD W/B @ 14TH ST NW,2018-01-01 05:00:00+00:00,2020-12-19 05:00:00+00:00,2018-01-01 05:00:00+00:00,2020-12-19 05:00:00+00:00
-77.04296094,38.94508877,17,STOP SIGN SAFETY CAMERA,4,4A,,Sensys,RED LIGHT OR STOP,BLAGDEN AVE NE/B @ ALLISON ST NW,2018-01-01 05:00:00+00:00,2020-12-06 05:00:00+00:00,2018-01-01 05:00:00+00:00,2020-12-06 05:00:00+00:00
-77.05924969,38.96101824,18,SPEED SAFETY CAMERA,4,3G,25,VM,SPEED,2900 BLK MILITARY RD NW E/B,2018-01-01 05:00:00+00:00,2020-12-18 05:00:00+00:00,2018-01-01 05:00:00+00:00,2020-12-18 05:00:00+00:00
-77.04997971,38.90253375,19,SPEED SAFETY CAMERA,2,2A,25,VM,SPEED,2200 BLK K ST NW W/B,2018-01-01 05:00:00+00:00,2020-12-19 05:00:00+00:00,2018-01-01 05:00:00+00:00,2020-12-19 05:00:00+00:00
-77.04997971,38.90253375,20,SPEED SAFETY CAMERA,2,2A,25,VM,SPEED,2200 BLOCK K ST NW E/B,2018-01-01 05:00:00+00:00,2020-12-19 05:00:00+00:00,2018-01-01 05:00:00+00:00,2020-12-19 05:00:00+00:00
-77.10986038,38.93347677,21,SPEED SAFETY CAMERA,3,3D,25,VM,SPEED,5700 BLK MACARTHUR BLVDA NW N/B,2018-01-01 05:00:00+00:00,2020-12-19 05:00:00+00:00,2018-01-01 05:00:00+00:00,2020-12-19 05:00:00+00:00
-76.96513633,38.91714501,22,SPEED SAFETY CAMERA,5,5C,25,VM,SPEED,3300 BLK NEW YORK AVE NE E/B,2020-01-15 05:00:00+00:00,2020-12-19 05:00:00+00:00,2020-01-15 05:00:00+00:00,2020-12-19 05:00:00+00:00
-76.94219702,38.87673501,23,SPEED SAFETY CAMERA,7,7E,25,VM,SPEED,800 BLK RIDGE RD  SE NW/B,2018-03-17 04:00:00+00:00,2020-12-19 05:00:00+00:00,2018-03-17 04:00:00+00:00,2020-12-19 05:00:00+00:00
-76.98236965,38.94164509,24,SPEED SAFETY CAMERA,5,5B,25,VM,SPEED,4200 BLK S DAKOTA AVE NE NW/B,2018-01-01 05:00:00+00:00,2020-09-13 04:00:00+00:00,2018-01-01 05:00:00+00:00,2020-09-13 04:00:00+00:00
-76.99130218,38.93784892,25,SPEED SAFETY CAMERA,5,5B,25,VM,SPEED,1100 BLK MICHIGAN AVE NE W/B,2018-01-01 05:00:00+00:00,2020-12-19 05:00:00+00:00,2018-01-01 05:00:00+00:00,2020-12-19 05:00:00+00:00
-76.93609959,38.90990266,26,SPEED SAFETY CAMERA,7,7D,25,VM,SPEED,DC295 NE .1MILE S/O EASTERN AVE N/B,2018-01-01 05:00:00+00:00,2020-12-19 05:00:00+00:00,2018-01-01 05:00:00+00:00,2020-12-19 05:00:00+00:00
-76.95136873,38.87397793,27,SPEED SAFETY CAMERA,7,7B,25,VM,SPEED,3700 BLK MASSACHUSETTS AVE SE NW/B,2018-01-01 05:00:00+00:00,2020-12-19 05:00:00+00:00,2018-01-01 05:00:00+00:00,2020-12-19 05:00:00+00:00
-76.93754521,38.88977941,28,RED LIGHT SAFETY CAMERA,7,7D/7E,,VM,RED LIGHT OR STOP,E CAPITOL ST W/B @ BENNING RD NE,2018-01-02 05:00:00+00:00,2020-12-20 05:00:00+00:00,2018-01-02 05:00:00+00:00,2020-12-20 05:00:00+00:00
-76.93822858,38.88978408,29,RED LIGHT SAFETY CAMERA,7,7D/7E/7F,,VM,RED LIGHT OR STOP,E CAPITOL ST E/B @ TEXAS AVE SE,2018-01-01 05:00:00+00:00,2020-12-21 05:00:00+00:00,2018-01-01 05:00:00+00:00,2020-12-21 05:00:00+00:00
-76.9706503,38.87347139,30,RED LIGHT SAFETY CAMERA,7,7B,,VM,RED LIGHT OR STOP,PENNSYLVANIA AVE W/B @ MINNESOTA SE,2018-01-03 05:00:00+00:00,2020-12-01 05:00:00+00:00,2018-01-03 05:00:00+00:00,2020-12-01 05:00:00+00:00
-76.98360419,38.90971051,31,SPEED SAFETY CAMERA,5,5C/5D,25,Sensys,SPEED,1200 BLK MT OLIVET RD NE NW/B,2018-01-01 05:00:00+00:00,2020-06-08 04:00:00+00:00,2018-01-01 05:00:00+00:00,2020-06-08 04:00:00+00:00
-77.10473785,38.93574672,32,SPEED SAFETY CAMERA,3,3D,25,VM,SPEED,5100 BLK LOUGHBORO RD NW W/B,2018-09-20 04:00:00+00:00,2020-12-19 05:00:00+00:00,2018-09-20 04:00:00+00:00,2020-12-19 05:00:00+00:00
-76.96488043,38.89730683,33,SPEED SAFETY CAMERA,7-May,5D/7D,25,Sensys,SPEED,2800 BLK BENNING RD NE E/B,2018-11-01 04:00:00+00:00,2020-12-19 05:00:00+00:00,2018-11-01 04:00:00+00:00,2020-12-19 05:00:00+00:00
-76.97943376,38.89330716,34,SPEED SAFETY CAMERA,6,6A,25,VM,SPEED,1700 BLK C ST NE W/B,2018-01-01 05:00:00+00:00,2020-12-19 05:00:00+00:00,2018-01-01 05:00:00+00:00,2020-12-19 05:00:00+00:00
-77.07036594,38.92657128,35,SPEED SAFETY CAMERA,3,3C,25,VM,SPEED,3500 BLK MASSACHUSETTS AVE NW E/B,2018-01-01 05:00:00+00:00,2020-12-17 05:00:00+00:00,2018-01-01 05:00:00+00:00,2020-12-17 05:00:00+00:00
-77.07537715,38.95024187,36,SPEED SAFETY CAMERA,3,3E,25,VM,SPEED,4600 BLK NEBRASKA AVE NW SW/B,2018-01-08 05:00:00+00:00,2020-12-19 05:00:00+00:00,2018-01-08 05:00:00+00:00,2020-12-19 05:00:00+00:00
-77.09224865,38.94255003,37,SPEED SAFETY CAMERA,3,3D/3E,25,VM,SPEED,4600 BLK MASSACHUSETTS AVE NW NW/B,2018-01-01 05:00:00+00:00,2020-12-19 05:00:00+00:00,2018-01-01 05:00:00+00:00,2020-12-19 05:00:00+00:00
-77.01918394,38.93473584,38,SPEED SAFETY CAMERA,5-Jan,1A/5A,25,VM,SPEED,3600 BLK PARK PL NW S/B,2018-01-05 05:00:00+00:00,2020-12-17 05:00:00+00:00,2018-01-05 05:00:00+00:00,2020-12-17 05:00:00+00:00
-77.03637317,38.97189565,39,SPEED SAFETY CAMERA,4,4A,25,VM,SPEED,6700 BLK 16TH ST NW N/B,2018-01-05 05:00:00+00:00,2020-12-19 05:00:00+00:00,2018-01-05 05:00:00+00:00,2020-12-19 05:00:00+00:00
-77.04162679,38.94622359,40,SPEED SAFETY CAMERA,4,4A,25,VM,SPEED,4600 BLK BLAGDEN AVE NW SW/B,2018-01-01 05:00:00+00:00,2020-12-19 05:00:00+00:00,2018-01-01 05:00:00+00:00,2020-12-19 05:00:00+00:00
-76.99067447,38.95650052,41,SPEED SAFETY CAMERA,5,5A,25,VM,SPEED,5300 BLK EASTERN AVE NE SE/B,2018-01-01 05:00:00+00:00,2020-12-19 05:00:00+00:00,2018-01-01 05:00:00+00:00,2020-12-19 05:00:00+00:00
-77.00632118,38.960543,42,SPEED SAFETY CAMERA,4,4B,25,VM,SPEED,5800 BLK NEW HAMPSHIRE AVE NE SW/B,2018-01-01 05:00:00+00:00,2020-12-19 05:00:00+00:00,2018-01-01 05:00:00+00:00,2020-12-19 05:00:00+00:00
-77.03195957,38.88597539,43,RED LIGHT SAFETY CAMERA,6-Feb,2A/6D,,VM,RED LIGHT OR STOP,14TH ST N/B @ C ST SW,2018-01-01 05:00:00+00:00,2020-12-20 05:00:00+00:00,2018-01-01 05:00:00+00:00,2020-12-20 05:00:00+00:00
-76.99386439,38.92199806,44,RED LIGHT SAFETY CAMERA,5,5B/5C,,VM,RED LIGHT OR STOP,RHODE ISLAND AVE SW/B @ REED ST NE,2018-01-05 05:00:00+00:00,2020-12-20 05:00:00+00:00,2018-01-05 05:00:00+00:00,2020-12-20 05:00:00+00:00
-76.96189148,38.86170336,45,SPEED SAFETY CAMERA,7,7B,25,Sensys,SPEED,3100 BLK ALABAMA AVE SE NE/B,2018-01-10 05:00:00+00:00,2020-12-19 05:00:00+00:00,2018-01-10 05:00:00+00:00,2020-12-19 05:00:00+00:00
-76.95900177,38.86193067,46,RED LIGHT SAFETY CAMERA,7,7B,,VM,RED LIGHT OR STOP,BRANCH AVE N/B @ ALABAMA AVE SE,2018-01-02 05:00:00+00:00,2020-12-20 05:00:00+00:00,2018-01-02 05:00:00+00:00,2020-12-20 05:00:00+00:00
-77.07331159,38.96102518,47,RED LIGHT SAFETY CAMERA,3,3G,,VM,RED LIGHT OR STOP,CONNECTICUT AVE N/B @ MILITARY NW,2018-01-06 05:00:00+00:00,2020-12-21 05:00:00+00:00,2018-01-06 05:00:00+00:00,2020-12-21 05:00:00+00:00
-77.07023113,38.90503089,48,RED LIGHT SAFETY CAMERA,2,2E,,VM,RED LIGHT OR STOP,M ST W/B @ WHITEHURST FRWY NW,2018-01-02 05:00:00+00:00,2020-12-20 05:00:00+00:00,2018-01-02 05:00:00+00:00,2020-12-20 05:00:00+00:00
-77.08039852,38.94968508,49,RED LIGHT SAFETY CAMERA,3,3E,,VM,RED LIGHT OR STOP,WISCONSIN AVE N/B @ BRANDYWINE NW,2018-01-01 05:00:00+00:00,2020-12-21 05:00:00+00:00,2018-01-01 05:00:00+00:00,2020-12-21 05:00:00+00:00
-76.94676151,38.86374977,50,RED LIGHT SAFETY CAMERA,7,7B/7E,,VM,RED LIGHT OR STOP,PENNSYLVANIA E/B @ SOUTHERN AVE SE,2018-01-01 05:00:00+00:00,2020-12-21 05:00:00+00:00,2018-01-01 05:00:00+00:00,2020-12-21 05:00:00+00:00
-77.05151573,38.92353729,51,RED LIGHT SAFETY CAMERA,3,3C,,VM,RED LIGHT OR STOP,CONNECTICUT AVE N/B @ CALVERT ST NW,2018-01-03 05:00:00+00:00,2020-12-21 05:00:00+00:00,2018-01-03 05:00:00+00:00,2020-12-21 05:00:00+00:00
-77.03342693,38.96204978,52,RED LIGHT SAFETY CAMERA,4,4A,,VM,RED LIGHT OR STOP,MILITARY RD W/B @ 14TH ST NW,2018-01-01 05:00:00+00:00,2020-12-21 05:00:00+00:00,2018-01-01 05:00:00+00:00,2020-12-21 05:00:00+00:00
-77.00891902,38.90740624,53,RED LIGHT SAFETY CAMERA,6-May,5E/6C,,VM,RED LIGHT OR STOP,NEW YORK AVE SW/B @ N CAPITOL ST NE,2018-01-01 05:00:00+00:00,2020-12-20 05:00:00+00:00,2018-01-01 05:00:00+00:00,2020-12-20 05:00:00+00:00
-76.96897111,38.87278843,54,RED LIGHT SAFETY CAMERA,7,7B,,VM,RED LIGHT OR STOP,PENNSYLVANIA AVE SE/B @ 27TH ST SE,2018-01-02 05:00:00+00:00,2020-12-20 05:00:00+00:00,2018-01-02 05:00:00+00:00,2020-12-20 05:00:00+00:00
-77.07156103,38.95470049,55,RED LIGHT SAFETY CAMERA,3,3F/3G,,VM,RED LIGHT OR STOP,NEBRASKA AVE NE/B @ FESSENDEN ST NW,2018-01-01 05:00:00+00:00,2020-12-20 05:00:00+00:00,2018-01-01 05:00:00+00:00,2020-12-20 05:00:00+00:00
-77.00906554,38.90021567,56,RED LIGHT SAFETY CAMERA,6,6C/6E,,VM,RED LIGHT OR STOP,N CAPITOL ST S/B @ H ST NW,2018-01-01 05:00:00+00:00,2020-12-21 05:00:00+00:00,2018-01-01 05:00:00+00:00,2020-12-21 05:00:00+00:00
-77.07324994,38.92416698,57,SPEED SAFETY CAMERA,3,3B/3C,25,Sensys,SPEED,2600 BLK WISCONSIN AVE NW S/B,2018-01-01 05:00:00+00:00,2020-12-19 05:00:00+00:00,2018-01-01 05:00:00+00:00,2020-12-19 05:00:00+00:00
-77.03552645,38.91557997,58,OVERSIZED SAFETY CAMERA,2,2B,,RF,TRUCK,1500 BLK T ST NW E/B,2018-01-03 05:00:00+00:00,2020-07-10 04:00:00+00:00,2018-01-03 05:00:00+00:00,2020-07-10 04:00:00+00:00
-77.01389224,38.93116927,59,SPEED SAFETY CAMERA,5,5A/5E,25,Sensys,SPEED,UNIT BLK IRVING ST NW E/B,2019-12-12 05:00:00+00:00,2020-09-27 04:00:00+00:00,2019-12-12 05:00:00+00:00,2020-09-27 04:00:00+00:00
-77.01535623,38.97061098,60,SPEED SAFETY CAMERA,4,4B,25,VM,SPEED,6600 BLK BLAIR RD NW S/B,2018-11-01 04:00:00+00:00,2020-12-19 05:00:00+00:00,2018-11-01 04:00:00+00:00,2020-12-19 05:00:00+00:00
-77.01466812,38.92640669,61,SPEED SAFETY CAMERA,5-Jan,1B/5E,25,VM,SPEED,100 BLK MICHIGAN AVE NW E/B,2018-03-07 05:00:00+00:00,2020-12-19 05:00:00+00:00,2018-03-07 05:00:00+00:00,2020-12-19 05:00:00+00:00
-77.02180017,38.95894892,62,SPEED SAFETY CAMERA,4,4B,25,VM,SPEED,600 BLK MISSOURI AVE NW SE/B,2018-01-01 05:00:00+00:00,2020-12-19 05:00:00+00:00,2018-01-01 05:00:00+00:00,2020-12-19 05:00:00+00:00
-76.97769536,38.89330838,63,SPEED SAFETY CAMERA,6,6A,25,VM,SPEED,1800 BLK C ST NE E/B,2018-02-27 05:00:00+00:00,2020-11-15 05:00:00+00:00,2018-02-27 05:00:00+00:00,2020-11-15 05:00:00+00:00
-77.00057039,38.92859303,64,SPEED SAFETY CAMERA,5,5E,25,VM,SPEED,3100 BLK 4TH ST NE N/B,2018-01-01 05:00:00+00:00,2020-12-19 05:00:00+00:00,2018-01-01 05:00:00+00:00,2020-12-19 05:00:00+00:00
-76.96174048,38.93387257,65,SPEED SAFETY CAMERA,5,5C,25,VM,SPEED,3600 BLK EASTERN AVE NE SE/B,2018-01-02 05:00:00+00:00,2020-12-19 05:00:00+00:00,2018-01-02 05:00:00+00:00,2020-12-19 05:00:00+00:00
-77.00752744,38.94380006,66,SPEED SAFETY CAMERA,5,5A,25,VM,SPEED,4400 BLK CLERMONT DR NE S/B,2018-01-05 05:00:00+00:00,2020-12-19 05:00:00+00:00,2018-01-05 05:00:00+00:00,2020-12-19 05:00:00+00:00
-76.98094837,38.90386387,67,SPEED SAFETY CAMERA,5,5D,25,VM,SPEED,1100 BLK BLADENSBURG RD NE NE/B,2018-01-01 05:00:00+00:00,2020-12-19 05:00:00+00:00,2018-01-01 05:00:00+00:00,2020-12-19 05:00:00+00:00
-76.95931301,38.92413953,68,SPEED SAFETY CAMERA,5,5C,25,VM,SPEED,3200 BLK FORT LINCOLN DRIVE NE S/B,2018-01-01 05:00:00+00:00,2020-12-19 05:00:00+00:00,2018-01-01 05:00:00+00:00,2020-12-19 05:00:00+00:00
-76.99372545,38.9126674,69,SPEED SAFETY CAMERA,5,5C/5D,25,VM,SPEED,600 BLK NEW YORK AVE NE E/B,2018-01-01 05:00:00+00:00,2020-12-19 05:00:00+00:00,2018-01-01 05:00:00+00:00,2020-12-19 05:00:00+00:00
-76.95906002,38.92107833,70,SPEED SAFETY CAMERA,5,5C,25,VM,SPEED,2200 BLK SOUTH DAKOTA AVE NE SE/B,2018-01-01 05:00:00+00:00,2020-12-19 05:00:00+00:00,2018-01-01 05:00:00+00:00,2020-12-19 05:00:00+00:00
-76.99372545,38.9126674,71,SPEED SAFETY CAMERA,5,5C/5D,25,VM,SPEED,600 BLK NEW YORK AVENUE NE W/B,2018-01-01 05:00:00+00:00,2020-12-19 05:00:00+00:00,2018-01-01 05:00:00+00:00,2020-12-19 05:00:00+00:00
-76.92045071,38.90153391,72,SPEED SAFETY CAMERA,7,7C,25,VM,SPEED,800 BLK EASTERN AVE NE E/B,2018-02-12 05:00:00+00:00,2020-12-19 05:00:00+00:00,2018-02-12 05:00:00+00:00,2020-12-19 05:00:00+00:00
-76.95082186,38.8605848,73,SPEED SAFETY CAMERA,7,7B,25,VM,SPEED,3700 BLK SOUTHERN AVE SE SW/B,2018-02-28 05:00:00+00:00,2020-12-19 05:00:00+00:00,2018-02-28 05:00:00+00:00,2020-12-19 05:00:00+00:00
-76.93960507,38.90638779,74,SPEED SAFETY CAMERA,7,7D,25,VM,SPEED,1400 BLK KENILWORTH AVE NE S/B,2018-01-04 05:00:00+00:00,2020-12-19 05:00:00+00:00,2018-01-04 05:00:00+00:00,2020-12-19 05:00:00+00:00
-76.95977603,38.86606634,75,SPEED SAFETY CAMERA,7,7B,25,VM,SPEED,1900 BLK BRANCH AVE SE N/B,2018-01-01 05:00:00+00:00,2020-12-19 05:00:00+00:00,2018-01-01 05:00:00+00:00,2020-12-19 05:00:00+00:00
-76.94837018,38.89894777,76,SPEED SAFETY CAMERA,7,7D,25,VM,SPEED,600 BLK KENILWORTH AVE NE S/B,2018-01-01 05:00:00+00:00,2020-12-19 05:00:00+00:00,2018-01-01 05:00:00+00:00,2020-12-19 05:00:00+00:00
-76.99449038,38.86040867,77,SPEED SAFETY CAMERA,8,8C,25,VM,SPEED,2500 BLK MARTIN LUTHER KING AVE SE,2018-03-02 05:00:00+00:00,2020-12-19 05:00:00+00:00,2018-03-02 05:00:00+00:00,2020-12-19 05:00:00+00:00
-76.98113923,38.8369527,78,SPEED SAFETY CAMERA,8,8E,25,VM,SPEED,1400 BLK SOUTHERN AVE SE SW/B,2018-01-01 05:00:00+00:00,2020-12-19 05:00:00+00:00,2018-01-01 05:00:00+00:00,2020-12-19 05:00:00+00:00
-76.97645341,38.84060901,79,SPEED SAFETY CAMERA,8,8E,25,VM,SPEED,1900 BLK SOUTHERN AVE SE NE/B,2018-01-01 05:00:00+00:00,2020-12-19 05:00:00+00:00,2018-01-01 05:00:00+00:00,2020-12-19 05:00:00+00:00
-76.97244165,38.91733642,80,RED LIGHT SAFETY CAMERA,5,5C,,VM,RED LIGHT OR STOP,NY AVE W/B @ BLADENSBURG RD NE,2018-01-01 05:00:00+00:00,2020-12-21 05:00:00+00:00,2018-01-01 05:00:00+00:00,2020-12-21 05:00:00+00:00
-76.97244165,38.91733642,81,RED LIGHT SAFETY CAMERA,5,5C,,VM,RED LIGHT OR STOP,NY AVE E/B @ BLADENSBURG RD NE,2018-01-01 05:00:00+00:00,2020-12-21 05:00:00+00:00,2018-01-01 05:00:00+00:00,2020-12-21 05:00:00+00:00
-77.02270138,38.94624123,82,STOP SIGN SAFETY CAMERA,4,4C/4D,,Sensys,RED LIGHT OR STOP,KANSAS AVE NE/B @ BUCHANAN ST NW,2018-01-01 05:00:00+00:00,2020-12-22 05:00:00+00:00,2018-01-01 05:00:00+00:00,2020-12-22 05:00:00+00:00
-77.1100153,38.93340989,83,SPEED SAFETY CAMERA,3,3D,25,VM,SPEED,5700 BLK MACARTHUR BLVDA NW S/B,2018-01-01 05:00:00+00:00,2020-12-19 05:00:00+00:00,2018-01-01 05:00:00+00:00,2020-12-19 05:00:00+00:00
-77.01787596,38.95766775,84,STOP SIGN SAFETY CAMERA,4,4B/4D,,Sensys,RED LIGHT OR STOP,LONGFELLOW ST W/B @ MISSOURI AVE NW,2018-01-10 05:00:00+00:00,2020-12-22 05:00:00+00:00,2018-01-10 05:00:00+00:00,2020-12-22 05:00:00+00:00
-76.99024591,38.88759925,85,OVERSIZED SAFETY CAMERA,6,6B,,RF,TRUCK,INDEPENDENCE AVE E/B @12TH ST SE,2018-08-08 04:00:00+00:00,2020-12-10 05:00:00+00:00,2018-08-08 04:00:00+00:00,2020-12-10 05:00:00+00:00
-76.99800963,38.95182314,86,STOP SIGN SAFETY CAMERA,5,5A,,Sensys,RED LIGHT OR STOP,GALLATIN ST W/B @ 6TH PL NE,2020-02-06 05:00:00+00:00,2020-09-13 04:00:00+00:00,2020-02-06 05:00:00+00:00,2020-09-13 04:00:00+00:00
-76.97244165,38.91733642,87,RED LIGHT SAFETY CAMERA,5,5C,,VM,RED LIGHT OR STOP,BLADENSBURG RD N/B @ NY AVE NE,2018-01-17 05:00:00+00:00,2020-12-18 05:00:00+00:00,2018-01-17 05:00:00+00:00,2020-12-18 05:00:00+00:00
-77.00803629,38.94238858,88,RED LIGHT SAFETY CAMERA,5,5A,,VM,RED LIGHT OR STOP,N CAPITOL ST N/B @ HAREWOOD RD NE,2018-01-01 05:00:00+00:00,2020-12-21 05:00:00+00:00,2018-01-01 05:00:00+00:00,2020-12-21 05:00:00+00:00
-77.00900931,38.95241493,89,RED LIGHT SAFETY CAMERA,5-Apr,4D/5A,,VM,RED LIGHT OR STOP,N CAPITOL ST S/B @ GALLATIN ST NW,2018-01-01 05:00:00+00:00,2020-12-21 05:00:00+00:00,2018-01-01 05:00:00+00:00,2020-12-21 05:00:00+00:00
-77.00904838,38.95482311,90,RED LIGHT SAFETY CAMERA,5-Apr,4B/4D/5A,,VM,RED LIGHT OR STOP,N CAPITOL ST N/B @ RIGGS RD NE,2018-01-01 05:00:00+00:00,2020-12-21 05:00:00+00:00,2018-01-01 05:00:00+00:00,2020-12-21 05:00:00+00:00
-77.05330829,38.90253627,91,RED LIGHT SAFETY CAMERA,2,2A,,VM,RED LIGHT OR STOP,K ST W/B @ 25TH ST NW,2018-01-01 05:00:00+00:00,2020-12-20 05:00:00+00:00,2018-01-01 05:00:00+00:00,2020-12-20 05:00:00+00:00
-76.96516419,38.92517621,92,RED LIGHT SAFETY CAMERA,5,5C,,VM,RED LIGHT OR STOP,S DAKOTA SE/B @ BLADENSBURG RD NE,2018-01-01 05:00:00+00:00,2020-12-20 05:00:00+00:00,2018-01-01 05:00:00+00:00,2020-12-20 05:00:00+00:00
-76.98577327,38.91047463,93,RED LIGHT SAFETY CAMERA,5,5C/5D,,VM,RED LIGHT OR STOP,MT OLIVET SE/B @ W VIRGINIA AVE NE,2018-01-01 05:00:00+00:00,2020-12-20 05:00:00+00:00,2018-01-01 05:00:00+00:00,2020-12-20 05:00:00+00:00
-77.0092337,38.88028958,94,RED LIGHT SAFETY CAMERA,6,6D,,VM,RED LIGHT OR STOP,S CAPITOL RAMP S/B BEFORE I ST SW,2018-01-01 05:00:00+00:00,2020-12-21 05:00:00+00:00,2018-01-01 05:00:00+00:00,2020-12-21 05:00:00+00:00
-77.03645375,38.93497423,95,RED LIGHT SAFETY CAMERA,1,1A/1D,,VM,RED LIGHT OR STOP,16TH ST N/B @ OAK ST NW,2018-01-01 05:00:00+00:00,2020-12-20 05:00:00+00:00,2018-01-01 05:00:00+00:00,2020-12-20 05:00:00+00:00
-77.03641719,38.9525426,96,RED LIGHT SAFETY CAMERA,4,4A/4C,,VM,RED LIGHT OR STOP,16TH ST S/B @ COLORADO AVE NW,2018-01-02 05:00:00+00:00,2020-12-20 05:00:00+00:00,2018-01-02 05:00:00+00:00,2020-12-20 05:00:00+00:00
-77.02803304,38.96102157,97,RED LIGHT SAFETY CAMERA,4,4B/4C,,VM,RED LIGHT OR STOP,GEORGIA AVE S/B @ MISSOURI AVE NW,2018-01-01 05:00:00+00:00,2020-12-20 05:00:00+00:00,2018-01-01 05:00:00+00:00,2020-12-20 05:00:00+00:00
-76.9833049,38.85330512,98,RED LIGHT SAFETY CAMERA,8,8B/8E,,VM,RED LIGHT OR STOP,SUITLAND PKWY W/B @ STANTON RD SE,2018-01-10 05:00:00+00:00,2020-11-07 05:00:00+00:00,2018-01-10 05:00:00+00:00,2020-11-07 05:00:00+00:00
-77.0364788,38.92869517,99,RED LIGHT SAFETY CAMERA,1,1A/1D,,VM,RED LIGHT OR STOP,16TH ST S/B @ IRVING ST NW,2018-01-01 05:00:00+00:00,2020-12-19 05:00:00+00:00,2018-01-01 05:00:00+00:00,2020-12-19 05:00:00+00:00
-77.02813971,38.89209318,100,RED LIGHT SAFETY CAMERA,2,2C,,VM,RED LIGHT OR STOP,12TH ST N/B @ CONSTITUTION AVE NW,2018-01-01 05:00:00+00:00,2020-12-21 05:00:00+00:00,2018-01-01 05:00:00+00:00,2020-12-21 05:00:00+00:00
-77.00459508,38.90890488,101,RED LIGHT SAFETY CAMERA,6-May,5E/6C,,VM,RED LIGHT OR STOP,NEW YORK AVE W/B @ FLORIDA AVE NE,2018-01-01 05:00:00+00:00,2020-12-21 05:00:00+00:00,2018-01-01 05:00:00+00:00,2020-12-21 05:00:00+00:00
-77.03365529,38.8920973,102,RED LIGHT SAFETY CAMERA,2,2A/2C,,VM,RED LIGHT OR STOP,CONSTITUTION AVE W/B @ 15TH ST NW,2018-01-03 05:00:00+00:00,2020-12-20 05:00:00+00:00,2018-01-03 05:00:00+00:00,2020-12-20 05:00:00+00:00
-77.05610802,38.90253874,103,RED LIGHT SAFETY CAMERA,2,2A,,VM,RED LIGHT OR STOP,K ST E/B @ 27TH ST NW,2018-01-01 05:00:00+00:00,2020-12-21 05:00:00+00:00,2018-01-01 05:00:00+00:00,2020-12-21 05:00:00+00:00
-77.03195738,38.90253055,104,RED LIGHT SAFETY CAMERA,2,2F,,VM,RED LIGHT OR STOP,14TH ST N/B @ K ST NW,2018-01-01 05:00:00+00:00,2020-12-20 05:00:00+00:00,2018-01-01 05:00:00+00:00,2020-12-20 05:00:00+00:00
-77.01518029,38.88757407,105,RED LIGHT SAFETY CAMERA,6-Feb,2C/6D,,VM,RED LIGHT OR STOP,INDEPENDENCE AVE E/B @ 3RD ST SW,2018-01-01 05:00:00+00:00,2020-12-18 05:00:00+00:00,2018-01-01 05:00:00+00:00,2020-12-18 05:00:00+00:00
-77.07041326,38.95604107,106,RED LIGHT SAFETY CAMERA,3,3F/3G,,VM,RED LIGHT OR STOP,CONNECTICUT AVE S/B @ NEBRASKA NW,2018-01-14 05:00:00+00:00,2020-12-20 05:00:00+00:00,2018-01-14 05:00:00+00:00,2020-12-20 05:00:00+00:00
-77.05924492,38.93683223,107,RED LIGHT SAFETY CAMERA,3,3C/3F,,VM,RED LIGHT OR STOP,CONNECTICUT AVE S/B @ PORTER ST NW,2018-01-02 05:00:00+00:00,2020-12-18 05:00:00+00:00,2018-01-02 05:00:00+00:00,2020-12-18 05:00:00+00:00
-76.982,38.872,200,,,,,,SPEED,DC 295 .4MI S/O PA AVE SE SW/B (WZ),2019-06-14 04:00:00+00:00,2019-12-06 05:00:00+00:00,2019-06-14 04:00:00+00:00,2019-12-06 05:00:00+00:00
-76.973,38.888,201,,,,,,SPEED,2500 BLK INDEPENDENCE AVE SE NE/B,2020-07-10 04:00:00+00:00,2020-12-19 05:00:00+00:00,2020-07-10 04:00:00+00:00,2020-12-19 05:00:00+00:00
-77.018,38.817,202,,,,,,SPEED,DC295 SW .7 MILES S/O EXIT 1 S/B,2018-01-01 05:00:00+00:00,2019-07-03 04:00:00+00:00,2018-01-01 05:00:00+00:00,2019-07-03 04:00:00+00:00
-77.017,38.82,203,,,,,,SPEED,DC295 SW .2 MILES S/O EXIT 1 N/B,2018-01-01 05:00:00+00:00,2020-01-02 05:00:00+00:00,2018-01-01 05:00:00+00:00,2020-01-02 05:00:00+00:00
-77.034,38.879,204,,,,,,SPEED,I395 SW 250 FEET AFTER EXIT 4 E/B,2020-02-22 05:00:00+00:00,2020-03-30 04:00:00+00:00,2020-02-22 05:00:00+00:00,2020-03-30 04:00:00+00:00
-76.959,38.865,205,,,,,,SPEED,2000 BLK BRANCH AVE SE S/B,2018-09-05 04:00:00+00:00,2020-12-19 05:00:00+00:00,2018-09-05 04:00:00+00:00,2020-12-19 05:00:00+00:00
-76.966,38.918,206,,,,,,SPEED,2800 BLK NEW YORK AVE NE E/B,2018-01-01 05:00:00+00:00,2020-01-10 05:00:00+00:00,2018-01-01 05:00:00+00:00,2020-01-10 05:00:00+00:00
-76.96,38.924,207,,,,,,RED LIGHT OR STOP,FORT LINCOLN DR S/B @ 31ST PL NE,2018-01-01 05:00:00+00:00,2019-10-22 04:00:00+00:00,2018-01-01 05:00:00+00:00,2019-10-22 04:00:00+00:00
-76.96,38.89,208,,,,,,SPEED,3300 BLK E CAPITOL ST NE W/B,2018-01-01 05:00:00+00:00,2019-11-11 05:00:00+00:00,2018-01-01 05:00:00+00:00,2019-11-11 05:00:00+00:00
-77.009,38.873,210,,,,,,SPEED,1400 BLK S CAPITOL ST SW S/B,2018-01-01 05:00:00+00:00,2018-05-21 04:00:00+00:00,2018-01-01 05:00:00+00:00,2018-05-21 04:00:00+00:00
-76.979,38.928,211,,,,,,SPEED,1800 BLK RHODE ISLAND AVE NE SW/B,2018-01-01 05:00:00+00:00,2020-02-28 05:00:00+00:00,2018-01-01 05:00:00+00:00,2020-02-28 05:00:00+00:00
-77.001,38.929,212,,,,,,SPEED,3100 BLK 4TH ST NE S/B,2018-03-01 05:00:00+00:00,2019-04-01 04:00:00+00:00,2018-03-01 05:00:00+00:00,2019-04-01 04:00:00+00:00
-76.938,38.89,213,,,,,,SPEED,E CAPITOL ST E/B @ TEXAS AVE SE,2018-03-26 04:00:00+00:00,2019-12-13 05:00:00+00:00,2018-03-26 04:00:00+00:00,2019-12-13 05:00:00+00:00
-77.07,38.944,214,,,,,,SPEED,4200 BLK RENO RD NW NW/B,2018-01-01 05:00:00+00:00,2020-03-31 04:00:00+00:00,2018-01-01 05:00:00+00:00,2020-03-31 04:00:00+00:00
-77.015,38.905,215,,,,,,RED LIGHT OR STOP,3RD ST S/B @ NEW YORK AVE NW,2018-01-01 05:00:00+00:00,2019-07-10 04:00:00+00:00,2018-01-01 05:00:00+00:00,2019-07-10 04:00:00+00:00
-77.009,38.965,216,,,,,,RED LIGHT OR STOP,N CAPITOL SW/B @ CHILLUM NE,2018-01-01 05:00:00+00:00,2020-01-23 05:00:00+00:00,2018-01-01 05:00:00+00:00,2020-01-23 05:00:00+00:00
-76.998,38.862,217,,,,,,SPEED,SUITLAND PK E/B @ FIRTH STERLING SE,2018-01-01 05:00:00+00:00,2018-05-21 04:00:00+00:00,2018-01-01 05:00:00+00:00,2018-05-21 04:00:00+00:00
-76.998,38.894,218,,,,,,SPEED,600 BLK MARYLAND AVE NE SW/B,2018-01-01 05:00:00+00:00,2020-12-19 05:00:00+00:00,2018-01-01 05:00:00+00:00,2020-12-19 05:00:00+00:00
-77.016,38.905,219,,,,,,RED LIGHT OR STOP,NY AVE W/B @ 4TH ST NW,2018-01-01 05:00:00+00:00,2019-07-29 04:00:00+00:00,2018-01-01 05:00:00+00:00,2019-07-29 04:00:00+00:00
-76.971,38.873,220,,,,,,SPEED,PENNSYLVANIA AVE W/B @ MINNESOTA SE,2018-01-01 05:00:00+00:00,2019-05-31 04:00:00+00:00,2018-01-01 05:00:00+00:00,2019-05-31 04:00:00+00:00
-77.015,38.905,221,,,,,,RED LIGHT OR STOP,NEW YORK AVE W/B @ NEW JERSEY NW,2018-01-01 05:00:00+00:00,2019-07-25 04:00:00+00:00,2018-01-01 05:00:00+00:00,2019-07-25 04:00:00+00:00
-77.009,38.907,222,,,,,,SPEED,NEW YORK AVE SW/B @ N CAPITOL ST NE,2018-01-01 05:00:00+00:00,2019-06-02 04:00:00+00:00,2018-01-01 05:00:00+00:00,2019-06-02 04:00:00+00:00
-76.956,38.864,223,,,,,,SPEED,3600 BLK ALABAMA AVE SE NE/B,2018-02-09 05:00:00+00:00,2019-04-25 04:00:00+00:00,2018-02-09 05:00:00+00:00,2019-04-25 04:00:00+00:00
-77.086,38.955,224,,,,,,RED LIGHT OR STOP,FESSENDEN ST E/B @ 44TH ST NW,2018-09-06 04:00:00+00:00,2019-08-10 04:00:00+00:00,2018-09-06 04:00:00+00:00,2019-08-10 04:00:00+00:00
-77.016,38.908,225,,,,,,SPEED,1300 BLK NEW JERSEY AVE NW N/B,2020-10-02 04:00:00+00:00,2020-12-19 05:00:00+00:00,2020-10-02 04:00:00+00:00,2020-12-19 05:00:00+00:00
-76.935,38.911,226,,,,,,SPEED,DC295 NE .1MILE S/O EASTERN AVE S/B,2018-01-01 05:00:00+00:00,2018-05-30 04:00:00+00:00,2018-01-01 05:00:00+00:00,2018-05-30 04:00:00+00:00
-76.969,38.873,228,,,,,,SPEED,PENNSYLVANIA AVE SE/B @ 27TH ST SE,2018-01-01 05:00:00+00:00,2019-05-14 04:00:00+00:00,2018-01-01 05:00:00+00:00,2019-05-14 04:00:00+00:00
-76.979,38.922,229,,,,,,SPEED,2400 BLK 18TH ST NE S/B,2018-01-02 05:00:00+00:00,2019-04-22 04:00:00+00:00,2018-01-02 05:00:00+00:00,2019-04-22 04:00:00+00:00
-77.105,38.937,230,,,,,,SPEED,3600 BLK DALECARLIA PKWY NW NE/B,2018-01-01 05:00:00+00:00,2019-12-18 05:00:00+00:00,2018-01-01 05:00:00+00:00,2019-12-18 05:00:00+00:00
-76.965,38.925,231,,,,,,SPEED,S DAKOTA SE/B @ BLADENSBURG RD NE,2018-01-01 05:00:00+00:00,2018-09-07 04:00:00+00:00,2018-01-01 05:00:00+00:00,2018-09-07 04:00:00+00:00
-76.959,38.862,232,,,,,,SPEED,BRANCH AVE N/B @ ALABAMA AVE SE,2018-03-22 04:00:00+00:00,2019-04-24 04:00:00+00:00,2018-03-22 04:00:00+00:00,2019-04-24 04:00:00+00:00
-76.992,38.927,233,,,,,,RED LIGHT OR STOP,10TH ST N/B @ GIRARD ST NE,2018-01-01 05:00:00+00:00,2019-05-29 04:00:00+00:00,2018-01-01 05:00:00+00:00,2019-05-29 04:00:00+00:00
-77.014,38.892,234,,,,,,SPEED,3RD ST TUNNEL NW S/B BY 3RD ST (WZ),2019-06-11 04:00:00+00:00,2019-07-07 04:00:00+00:00,2019-06-11 04:00:00+00:00,2019-07-07 04:00:00+00:00
-77.012,38.916,235,,,,,,RED LIGHT OR STOP,RHODE ISLAND AVE SW/B @ 1ST ST NW,2018-01-01 05:00:00+00:00,2019-08-11 04:00:00+00:00,2018-01-01 05:00:00+00:00,2019-08-11 04:00:00+00:00
-76.95,38.866,236,,,,,,SPEED,3900 BLK PENNSYLVANIA AVE SE NW/B,2018-01-01 05:00:00+00:00,2020-02-20 05:00:00+00:00,2018-01-01 05:00:00+00:00,2020-02-20 05:00:00+00:00
-77.008,38.828,237,,,,,,SPEED,4200 BLK S CAPITOL ST SW S/B,2018-01-01 05:00:00+00:00,2018-08-13 04:00:00+00:00,2018-01-01 05:00:00+00:00,2018-08-13 04:00:00+00:00
-76.952,38.864,238,,,,,,SPEED,2100 BLK 38TH ST SE N/B,2018-01-01 05:00:00+00:00,2020-02-14 05:00:00+00:00,2018-01-01 05:00:00+00:00,2020-02-14 05:00:00+00:00
-77.017,38.914,239,,,,,,SPEED,400 BLK RHODE ISLAND AVE NW E/B,2020-06-30 04:00:00+00:00,2020-12-19 05:00:00+00:00,2020-06-30 04:00:00+00:00,2020-12-19 05:00:00+00:00
-76.945,38.879,240,,,,,,SPEED,700 BLK RIDGE RD SE SE/B,2018-11-05 05:00:00+00:00,2020-02-18 05:00:00+00:00,2018-11-05 05:00:00+00:00,2020-02-18 05:00:00+00:00
-76.993,38.904,241,,,,,,SPEED,1000 BLK FLORIDA AVE NE NW/B,2018-11-01 04:00:00+00:00,2019-08-23 04:00:00+00:00,2018-11-01 04:00:00+00:00,2019-08-23 04:00:00+00:00
-76.977,38.887,242,,,,,,SPEED,200 BLK 19TH ST SE N/B,2018-01-02 05:00:00+00:00,2019-11-17 05:00:00+00:00,2018-01-02 05:00:00+00:00,2019-11-17 05:00:00+00:00
