comp_plan_area,point_order,longitude,latitude
UPPER NORTHEAST,1,-77.00904838748832,38.95482310944021
UPPER NORTHEAST,2,-77.00901207714692,38.95251702220433
UPPER NORTHEAST,3,-77.00889185685512,38.95115846673441
UPPER NORTHEAST,4,-77.00861159931209,38.94703579533135
UPPER NORTHEAST,5,-77.00749147325192,38.94637995246411
UPPER NORTHEAST,6,-77.00753134866248,38.94503701298267
UPPER NORTHEAST,7,-77.00749121062321,38.94388142364172
UPPER NORTHEAST,8,-77.00765120243565,38.94331924209499
UPPER NORTHEAST,9,-77.0082508665238,38.94188251430848
UPPER NORTHEAST,10,-77.00841081837825,38.94107049555084
UPPER NORTHEAST,11,-77.00825069659679,38.94041458617702
UPPER NORTHEAST,12,-77.0077308000237,38.9393215193216
UPPER NORTHEAST,13,-77.00701084333883,38.93810348099176
UPPER NORTHEAST,14,-77.0063709467832,38.93688542459991
UPPER NORTHEAST,15,-77.00613077348657,38.93557360375245
UPPER NORTHEAST,16,-77.00605065644848,38.93432440863942
UPPER NORTHEAST,17,-77.0062905809699,38.93301256163505
UPPER NORTHEAST,18,-77.00661017759167,38.93191944004878
UPPER NORTHEAST,19,-77.00736979533342,38.93054520415456
UPPER NORTHEAST,20,-77.00852937730376,38.92876485774506
UPPER NORTHEAST,21,-77.00896891772489,38.92757797949037
UPPER NORTHEAST,22,-77.00900521902928,38.92672866370319
UPPER NORTHEAST,23,-77.00900591320655,38.9265637033603
UPPER NORTHEAST,24,-77.0090383747113,38.91826661154276
UPPER NORTHEAST,25,-77.00534048857536,38.91830822338961
UPPER NORTHEAST,26,-76.99953886362229,38.92028960939536
UPPER NORTHEAST,27,-76.99953889364213,38.91562582534348
UPPER NORTHEAST,28,-76.99842941920099,38.91562581571786
UPPER NORTHEAST,29,-77.0026173191104,38.90808300489094
UPPER NORTHEAST,30,-77.0005992916368,38.90721949247893
UPPER NORTHEAST,31,-76.98400976215072,38.90011953749742
UPPER NORTHEAST,32,-76.98238178503834,38.90006159579838
UPPER NORTHEAST,33,-76.97054358356348,38.89786201723765
UPPER NORTHEAST,34,-76.9703803732432,38.89791517937157
UPPER NORTHEAST,35,-76.96952267971109,38.897775049866
UPPER NORTHEAST,36,-76.96193665501583,38.89709326052077
UPPER NORTHEAST,37,-76.96218650451101,38.89859855829653
UPPER NORTHEAST,38,-76.96221996271797,38.89950519775753
UPPER NORTHEAST,39,-76.96202185736232,38.90012318819209
UPPER NORTHEAST,40,-76.96061705401108,38.90172748127979
UPPER NORTHEAST,41,-76.95932593549756,38.90348381266872
UPPER NORTHEAST,42,-76.95841530074618,38.90510738308265
UPPER NORTHEAST,43,-76.95804701629072,38.90597226043295
UPPER NORTHEAST,44,-76.95665172215894,38.90807879513482
UPPER NORTHEAST,45,-76.9553533045874,38.90979125237295
UPPER NORTHEAST,46,-76.95446107080505,38.91096795635528
UPPER NORTHEAST,47,-76.9538275035768,38.9122967174936
UPPER NORTHEAST,48,-76.95350980898705,38.91433627782526
UPPER NORTHEAST,49,-76.95289514218048,38.91480488861384
UPPER NORTHEAST,50,-76.9518872199658,38.91492271238969
UPPER NORTHEAST,51,-76.94725907754211,38.9149825033506
UPPER NORTHEAST,52,-76.94595338197627,38.9152601832824
UPPER NORTHEAST,53,-76.94359722125833,38.91700527257006
UPPER NORTHEAST,54,-76.94293423809025,38.91740864115527
UPPER NORTHEAST,55,-76.94247911215629,38.91800529214692
UPPER NORTHEAST,56,-76.94187167018693,38.91855059021378
UPPER NORTHEAST,57,-76.99143503402682,38.95730353605659
UPPER NORTHEAST,58,-76.99183989291971,38.95722225642078
UPPER NORTHEAST,59,-76.9926489974939,38.95727338693034
UPPER NORTHEAST,60,-76.99726376184117,38.95726890162181
UPPER NORTHEAST,61,-76.99768383131513,38.95720188921045
UPPER NORTHEAST,62,-76.99834125223703,38.95695831692285
UPPER NORTHEAST,63,-76.99881981794547,38.95662042273278
UPPER NORTHEAST,64,-76.99923033392741,38.95611587322681
UPPER NORTHEAST,65,-76.99961290037132,38.95573230315607
UPPER NORTHEAST,66,-77.00027733808652,38.95530161823533
UPPER NORTHEAST,67,-77.00225189816605,38.95681678710513
UPPER NORTHEAST,68,-77.00272574266879,38.95632149361227
UPPER NORTHEAST,69,-77.00352877040287,38.95602273101557
UPPER NORTHEAST,70,-77.00904838748832,38.95482310944021
ROCK CREEK EAST,1,-77.05243812150104,38.98701111378347
ROCK CREEK EAST,2,-77.05227751389941,38.98638624100067
ROCK CREEK EAST,3,-77.05004637395804,38.98602055568033
ROCK CREEK EAST,4,-77.04922407135061,38.98560849964051
ROCK CREEK EAST,5,-77.04752110911645,38.9853801971441
ROCK CREEK EAST,6,-77.04634641169793,38.98437245112813
ROCK CREEK EAST,7,-77.044702098096,38.98386905444369
ROCK CREEK EAST,8,-77.04264736119204,38.98396145330551
ROCK CREEK EAST,9,-77.04170744243956,38.98336612393499
ROCK CREEK EAST,10,-77.04070926140842,38.98304569301024
ROCK CREEK EAST,11,-77.04000450400406,38.98240452402749
ROCK CREEK EAST,12,-77.04006165288283,38.98141078972358
ROCK CREEK EAST,13,-77.04086151649963,38.98060695261879
ROCK CREEK EAST,14,-77.0422191974925,38.98024430380009
ROCK CREEK EAST,15,-77.04327623685815,38.98074796351845
ROCK CREEK EAST,16,-77.04409802358407,38.98047276162982
ROCK CREEK EAST,17,-77.04418995108165,38.98040108453647
ROCK CREEK EAST,18,-77.04461062667788,38.98004875735536
ROCK CREEK EAST,19,-77.04469965443467,38.97997412626349
ROCK CREEK EAST,20,-77.04411207378465,38.97928704888644
ROCK CREEK EAST,21,-77.04395297725794,38.97862655363632
ROCK CREEK EAST,22,-77.04333346735127,38.97818185951763
ROCK CREEK EAST,23,-77.04204170748537,38.97772418160307
ROCK CREEK EAST,24,-77.04127817599377,38.97703715281215
ROCK CREEK EAST,25,-77.04005957776918,38.9764473934415
ROCK CREEK EAST,26,-77.03973501578793,38.97581454086423
ROCK CREEK EAST,27,-77.03992642628945,38.97501204040959
ROCK CREEK EAST,28,-77.03949970469633,38.97420960580118
ROCK CREEK EAST,29,-77.03979310772341,38.97328854945538
ROCK CREEK EAST,30,-77.03981540740098,38.97319297349333
ROCK CREEK EAST,31,-77.04004242203817,38.97222605996267
ROCK CREEK EAST,32,-77.0401285697916,38.97214861363844
ROCK CREEK EAST,33,-77.04096874520066,38.97139247705874
ROCK CREEK EAST,34,-77.04201178440685,38.9710141843106
ROCK CREEK EAST,35,-77.04291857004021,38.97135447456408
ROCK CREEK EAST,36,-77.04423749719903,38.97100801260085
ROCK CREEK EAST,37,-77.04481359585054,38.97016875669927
ROCK CREEK EAST,38,-77.04482507518894,38.97007303973359
ROCK CREEK EAST,39,-77.04496885938252,38.96934416368094
ROCK CREEK EAST,40,-77.046139272561,38.96805088956572
ROCK CREEK EAST,41,-77.04622576608178,38.96797301515663
ROCK CREEK EAST,42,-77.04682862613936,38.96733318980918
ROCK CREEK EAST,43,-77.0468064694999,38.96654019365998
ROCK CREEK EAST,44,-77.04712387639707,38.96558757897348
ROCK CREEK EAST,45,-77.04715987340361,38.9654942480003
ROCK CREEK EAST,46,-77.04736753329858,38.96488103550794
ROCK CREEK EAST,47,-77.04706345158273,38.96417823541245
ROCK CREEK EAST,48,-77.04644994793546,38.96338547522666
ROCK CREEK EAST,49,-77.04562778056919,38.9627442400993
ROCK CREEK EAST,50,-77.0441601284045,38.9619658687865
ROCK CREEK EAST,51,-77.04269195846405,38.96086670408464
ROCK CREEK EAST,52,-77.04186985396879,38.96022545122278
ROCK CREEK EAST,53,-77.04063729575685,38.95995099008064
ROCK CREEK EAST,54,-77.04043121987971,38.95958918171121
ROCK CREEK EAST,55,-77.04099873733237,38.95897782763902
ROCK CREEK EAST,56,-77.04131133316841,38.9583477067952
ROCK CREEK EAST,57,-77.04198433298451,38.95808988479453
ROCK CREEK EAST,58,-77.04211340135394,38.957460530098
ROCK CREEK EAST,59,-77.04205285185517,38.95689218445185
ROCK CREEK EAST,60,-77.04221869280862,38.95627295055657
ROCK CREEK EAST,61,-77.04205813683272,38.95546634515666
ROCK CREEK EAST,62,-77.04196940988504,38.95478976602325
ROCK CREEK EAST,63,-77.04206310759302,38.95472048578684
ROCK CREEK EAST,64,-77.04266312588402,38.95427646697063
ROCK CREEK EAST,65,-77.04276079222213,38.95420929265441
ROCK CREEK EAST,66,-77.04371603923666,38.95335948646672
ROCK CREEK EAST,67,-77.04379061967222,38.9532759969199
ROCK CREEK EAST,68,-77.0446066329153,38.95235895257125
ROCK CREEK EAST,69,-77.04462640671723,38.95226675435666
ROCK CREEK EAST,70,-77.04483144251611,38.9515433385361
ROCK CREEK EAST,71,-77.04536783416071,38.95089171620305
ROCK CREEK EAST,72,-77.0461190926582,38.95024184444121
ROCK CREEK EAST,73,-77.04622215412816,38.95018225902616
ROCK CREEK EAST,74,-77.0468895080341,38.94971075224365
ROCK CREEK EAST,75,-77.046907796749,38.94901527878211
ROCK CREEK EAST,76,-77.0468584031258,38.94845988410556
ROCK CREEK EAST,77,-77.04602923035529,38.94787453116693
ROCK CREEK EAST,78,-77.04533500032649,38.94800584592444
ROCK CREEK EAST,79,-77.04491461717859,38.94851652546209
ROCK CREEK EAST,80,-77.04484112902593,38.9486025557216
ROCK CREEK EAST,81,-77.04419575152409,38.94846528109966
ROCK CREEK EAST,82,-77.04430569248822,38.94787547637015
ROCK CREEK EAST,83,-77.0443232957192,38.94778172952442
ROCK CREEK EAST,84,-77.04507216189559,38.9468150256816
ROCK CREEK EAST,85,-77.0455032050785,38.94608856583047
ROCK CREEK EAST,86,-77.04558102029374,38.94600971302699
ROCK CREEK EAST,87,-77.04606087774232,38.94552462698065
ROCK CREEK EAST,88,-77.04614482863384,38.94544577137496
ROCK CREEK EAST,89,-77.0471277455948,38.94580641327578
ROCK CREEK EAST,90,-77.04803850886401,38.94552171404175
ROCK CREEK EAST,91,-77.04964644773415,38.94369601731034
ROCK CREEK EAST,92,-77.05042495501098,38.94251109398993
ROCK CREEK EAST,93,-77.05048726112634,38.94242070493133
ROCK CREEK EAST,94,-77.05100725397878,38.94168475400093
ROCK CREEK EAST,95,-77.05104323161362,38.94158832254484
ROCK CREEK EAST,96,-77.0512457470547,38.94100621714842
ROCK CREEK EAST,97,-77.05118147521931,38.9403477930813
ROCK CREEK EAST,98,-77.05183095204337,38.93925694463571
ROCK CREEK EAST,99,-77.0519430268503,38.9382350116687
ROCK CREEK EAST,100,-77.0516835224024,38.93775220083336
ROCK CREEK EAST,101,-77.05058381982839,38.93728185416665
ROCK CREEK EAST,102,-77.04917599286611,38.93737408739057
ROCK CREEK EAST,103,-77.04817828139403,38.93737450290512
ROCK CREEK EAST,104,-77.04781130533873,38.9367857359961
ROCK CREEK EAST,105,-77.04778356915932,38.93572389383151
ROCK CREEK EAST,106,-77.04784969885212,38.93543982599439
ROCK CREEK EAST,107,-77.04792636787825,38.93528988741475
ROCK CREEK EAST,108,-77.04706373061302,38.93566647872467
ROCK CREEK EAST,109,-77.04610407925114,38.93594794725639
ROCK CREEK EAST,110,-77.04546229397366,38.93620366507438
ROCK CREEK EAST,111,-77.04430498779264,38.93629221969505
ROCK CREEK EAST,112,-77.04269352214003,38.93639627977684
ROCK CREEK EAST,113,-77.04254466558702,38.93640013555941
ROCK CREEK EAST,114,-77.04124204884712,38.93643368094274
ROCK CREEK EAST,115,-77.04062194097394,38.93679676145376
ROCK CREEK EAST,116,-77.04048321980444,38.93687801940818
ROCK CREEK EAST,117,-77.03982013463707,38.93710894975136
ROCK CREEK EAST,118,-77.03858081278878,38.93756484302199
ROCK CREEK EAST,119,-77.03690758816826,38.93819990984936
ROCK CREEK EAST,120,-77.03642787544086,38.9382938006861
ROCK CREEK EAST,121,-77.03642753633495,38.93763014147758
ROCK CREEK EAST,122,-77.03546189788914,38.937606935796
ROCK CREEK EAST,123,-77.03418807561131,38.93760731533982
ROCK CREEK EAST,124,-77.02962867299397,38.93645296645369
ROCK CREEK EAST,125,-77.02546950601496,38.935298343955
ROCK CREEK EAST,126,-77.02518943980566,38.9352984046528
ROCK CREEK EAST,127,-77.02437126618366,38.93636437724984
ROCK CREEK EAST,128,-77.02427830816232,38.93648544112439
ROCK CREEK EAST,129,-77.02311851787174,38.93679801205771
ROCK CREEK EAST,130,-77.02183903860153,38.93711059388867
ROCK CREEK EAST,131,-77.02131893428724,38.9371731894942
ROCK CREEK EAST,132,-77.01899994375367,38.93754841577879
ROCK CREEK EAST,133,-77.01899989986295,38.93738373508814
ROCK CREEK EAST,134,-77.01908521485689,38.93698186098697
ROCK CREEK EAST,135,-77.01917312534889,38.93684208283815
ROCK CREEK EAST,136,-77.0192318116667,38.9365875887376
ROCK CREEK EAST,137,-77.01912668935834,38.93439351705064
ROCK CREEK EAST,138,-77.01908916180152,38.9342334906745
ROCK CREEK EAST,139,-77.01807413732286,38.92973540778139
ROCK CREEK EAST,140,-77.01754618491368,38.92844518262354
ROCK CREEK EAST,141,-77.01694089992303,38.92772630037895
ROCK CREEK EAST,142,-77.01680537437292,38.92765593798507
ROCK CREEK EAST,143,-77.01516648218372,38.92680502051012
ROCK CREEK EAST,144,-77.01436670128986,38.92646153538039
ROCK CREEK EAST,145,-77.01208759630504,38.92646179337086
ROCK CREEK EAST,146,-77.00900521902928,38.92672866370319
ROCK CREEK EAST,147,-77.00896891772489,38.92757797949037
ROCK CREEK EAST,148,-77.00852937730376,38.92876485774506
ROCK CREEK EAST,149,-77.00736979533342,38.93054520415456
ROCK CREEK EAST,150,-77.00661017759167,38.93191944004878
ROCK CREEK EAST,151,-77.0062905809699,38.93301256163505
ROCK CREEK EAST,152,-77.00605065644848,38.93432440863942
ROCK CREEK EAST,153,-77.00613077348657,38.93557360375245
ROCK CREEK EAST,154,-77.0063709467832,38.93688542459991
ROCK CREEK EAST,155,-77.00701084333883,38.93810348099176
ROCK CREEK EAST,156,-77.0077308000237,38.9393215193216
ROCK CREEK EAST,157,-77.00825069659679,38.94041458617702
ROCK CREEK EAST,158,-77.00841081837825,38.94107049555084
ROCK CREEK EAST,159,-77.0082508665238,38.94188251430848
ROCK CREEK EAST,160,-77.00765120243565,38.94331924209499
ROCK CREEK EAST,161,-77.00749121062321,38.94388142364172
ROCK CREEK EAST,162,-77.00753134866248,38.94503701298267
ROCK CREEK EAST,163,-77.00749147325192,38.94637995246411
ROCK CREEK EAST,164,-77.00861159931209,38.94703579533135
ROCK CREEK EAST,165,-77.00889185685512,38.95115846673441
ROCK CREEK EAST,166,-77.00901207714692,38.95251702220433
ROCK CREEK EAST,167,-77.00904838748832,38.95482310944021
ROCK CREEK EAST,168,-77.00352877040287,38.95602273101557
ROCK CREEK EAST,169,-77.00272574266879,38.95632149361227
ROCK CREEK EAST,170,-77.00225189816605,38.95681678710513
ROCK CREEK EAST,171,-77.00027733808652,38.95530161823533
ROCK CREEK EAST,172,-76.99961290037132,38.95573230315607
ROCK CREEK EAST,173,-76.99923033392741,38.95611587322681
ROCK CREEK EAST,174,-76.99881981794547,38.95662042273278
ROCK CREEK EAST,175,-76.99834125223703,38.95695831692285
ROCK CREEK EAST,176,-76.99768383131513,38.95720188921045
ROCK CREEK EAST,177,-76.99726376184117,38.95726890162181
ROCK CREEK EAST,178,-76.9926489974939,38.95727338693034
ROCK CREEK EAST,179,-76.99183989291971,38.95722225642078
ROCK CREEK EAST,180,-76.99143503402682,38.95730353605659
ROCK CREEK EAST,181,-77.04096663730174,38.99596801844443
ROCK CREEK EAST,182,-77.05234619377309,38.98708279726259
ROCK CREEK EAST,183,-77.05243812150104,38.98701111378347
ROCK CREEK WEST,1,-77.04809662549846,38.93495636612494
ROCK CREEK WEST,2,-77.04792636787825,38.93528988741475
ROCK CREEK WEST,3,-77.04784969885212,38.93543982599439
ROCK CREEK WEST,4,-77.04778356915932,38.93572389383151
ROCK CREEK WEST,5,-77.04781130533873,38.9367857359961
ROCK CREEK WEST,6,-77.04817828139403,38.93737450290512
ROCK CREEK WEST,7,-77.04917599286611,38.93737408739057
ROCK CREEK WEST,8,-77.05058381982839,38.93728185416665
ROCK CREEK WEST,9,-77.0516835224024,38.93775220083336
ROCK CREEK WEST,10,-77.0519430268503,38.9382350116687
ROCK CREEK WEST,11,-77.05183095204337,38.93925694463571
ROCK CREEK WEST,12,-77.05118147521931,38.9403477930813
ROCK CREEK WEST,13,-77.0512457470547,38.94100621714842
ROCK CREEK WEST,14,-77.05104323161362,38.94158832254484
ROCK CREEK WEST,15,-77.05100725397878,38.94168475400093
ROCK CREEK WEST,16,-77.05048726112634,38.94242070493133
ROCK CREEK WEST,17,-77.05042495501098,38.94251109398993
ROCK CREEK WEST,18,-77.04964644773415,38.94369601731034
ROCK CREEK WEST,19,-77.04803850886401,38.94552171404175
ROCK CREEK WEST,20,-77.0471277455948,38.94580641327578
ROCK CREEK WEST,21,-77.04614482863384,38.94544577137496
ROCK CREEK WEST,22,-77.04606087774232,38.94552462698065
ROCK CREEK WEST,23,-77.04558102029374,38.94600971302699
ROCK CREEK WEST,24,-77.0455032050785,38.94608856583047
ROCK CREEK WEST,25,-77.04507216189559,38.9468150256816
ROCK CREEK WEST,26,-77.0443232957192,38.94778172952442
ROCK CREEK WEST,27,-77.04430569248822,38.94787547637015
ROCK CREEK WEST,28,-77.04419575152409,38.94846528109966
ROCK CREEK WEST,29,-77.04484112902593,38.9486025557216
ROCK CREEK WEST,30,-77.04491461717859,38.94851652546209
ROCK CREEK WEST,31,-77.04533500032649,38.94800584592444
ROCK CREEK WEST,32,-77.04602923035529,38.94787453116693
ROCK CREEK WEST,33,-77.0468584031258,38.94845988410556
ROCK CREEK WEST,34,-77.046907796749,38.94901527878211
ROCK CREEK WEST,35,-77.0468895080341,38.94971075224365
ROCK CREEK WEST,36,-77.04622215412816,38.95018225902616
ROCK CREEK WEST,37,-77.0461190926582,38.95024184444121
ROCK CREEK WEST,38,-77.04536783416071,38.95089171620305
ROCK CREEK WEST,39,-77.04483144251611,38.9515433385361
ROCK CREEK WEST,40,-77.04462640671723,38.95226675435666
ROCK CREEK WEST,41,-77.0446066329153,38.95235895257125
ROCK CREEK WEST,42,-77.04379061967222,38.9532759969199
ROCK CREEK WEST,43,-77.04371603923666,38.95335948646672
ROCK CREEK WEST,44,-77.04276079222213,38.95420929265441
ROCK CREEK WEST,45,-77.04266312588402,38.95427646697063
ROCK CREEK WEST,46,-77.04206310759302,38.95472048578684
ROCK CREEK WEST,47,-77.04196940988504,38.95478976602325
ROCK CREEK WEST,48,-77.04205813683272,38.95546634515666
ROCK CREEK WEST,49,-77.04221869280862,38.95627295055657
ROCK CREEK WEST,50,-77.04205285185517,38.95689218445185
ROCK CREEK WEST,51,-77.04211340135394,38.957460530098
ROCK CREEK WEST,52,-77.04198433298451,38.95808988479453
ROCK CREEK WEST,53,-77.04131133316841,38.9583477067952
ROCK CREEK WEST,54,-77.04099873733237,38.95897782763902
ROCK CREEK WEST,55,-77.04043121987971,38.95958918171121
ROCK CREEK WEST,56,-77.04063729575685,38.95995099008064
ROCK CREEK WEST,57,-77.04186985396879,38.96022545122278
ROCK CREEK WEST,58,-77.04269195846405,38.96086670408464
ROCK CREEK WEST,59,-77.0441601284045,38.9619658687865
ROCK CREEK WEST,60,-77.04562778056919,38.9627442400993
ROCK CREEK WEST,61,-77.04644994793546,38.96338547522666
ROCK CREEK WEST,62,-77.04706345158273,38.96417823541245
ROCK CREEK WEST,63,-77.04736753329858,38.96488103550794
ROCK CREEK WEST,64,-77.04715987340361,38.9654942480003
ROCK CREEK WEST,65,-77.04712387639707,38.96558757897348
ROCK CREEK WEST,66,-77.0468064694999,38.96654019365998
ROCK CREEK WEST,67,-77.04682862613936,38.96733318980918
ROCK CREEK WEST,68,-77.04622576608178,38.96797301515663
ROCK CREEK WEST,69,-77.046139272561,38.96805088956572
ROCK CREEK WEST,70,-77.04496885938252,38.96934416368094
ROCK CREEK WEST,71,-77.04482507518894,38.97007303973359
ROCK CREEK WEST,72,-77.04481359585054,38.97016875669927
ROCK CREEK WEST,73,-77.04423749719903,38.97100801260085
ROCK CREEK WEST,74,-77.04291857004021,38.97135447456408
ROCK CREEK WEST,75,-77.04201178440685,38.9710141843106
ROCK CREEK WEST,76,-77.04096874520066,38.97139247705874
ROCK CREEK WEST,77,-77.0401285697916,38.97214861363844
ROCK CREEK WEST,78,-77.04004242203817,38.97222605996267
ROCK CREEK WEST,79,-77.03981540740098,38.97319297349333
ROCK CREEK WEST,80,-77.03979310772341,38.97328854945538
ROCK CREEK WEST,81,-77.03949970469633,38.97420960580118
ROCK CREEK WEST,82,-77.03992642628945,38.97501204040959
ROCK CREEK WEST,83,-77.03973501578793,38.97581454086423
ROCK CREEK WEST,84,-77.04005957776918,38.9764473934415
ROCK CREEK WEST,85,-77.04127817599377,38.97703715281215
ROCK CREEK WEST,86,-77.04204170748537,38.97772418160307
ROCK CREEK WEST,87,-77.04333346735127,38.97818185951763
ROCK CREEK WEST,88,-77.04395297725794,38.97862655363632
ROCK CREEK WEST,89,-77.04411207378465,38.97928704888644
ROCK CREEK WEST,90,-77.04469965443467,38.97997412626349
ROCK CREEK WEST,91,-77.04461062667788,38.98004875735536
ROCK CREEK WEST,92,-77.04418995108165,38.98040108453647
ROCK CREEK WEST,93,-77.04409802358407,38.98047276162982
ROCK CREEK WEST,94,-77.04327623685815,38.98074796351845
ROCK CREEK WEST,95,-77.0422191974925,38.98024430380009
ROCK CREEK WEST,96,-77.04086151649963,38.98060695261879
ROCK CREEK WEST,97,-77.04006165288283,38.98141078972358
ROCK CREEK WEST,98,-77.04000450400406,38.98240452402749
ROCK CREEK WEST,99,-77.04070926140842,38.98304569301024
ROCK CREEK WEST,100,-77.04170744243956,38.98336612393499
ROCK CREEK WEST,101,-77.04264736119204,38.98396145330551
ROCK CREEK WEST,102,-77.044702098096,38.98386905444369
ROCK CREEK WEST,103,-77.04634641169793,38.98437245112813
ROCK CREEK WEST,104,-77.04752110911645,38.9853801971441
ROCK CREEK WEST,105,-77.04922407135061,38.98560849964051
ROCK CREEK WEST,106,-77.05004637395804,38.98602055568033
ROCK CREEK WEST,107,-77.05227751389941,38.98638624100067
ROCK CREEK WEST,108,-77.05243812150104,38.98701111378347
ROCK CREEK WEST,109,-77.1197220604052,38.93443693628718
ROCK CREEK WEST,110,-77.11966567342621,38.93434170411921
ROCK CREEK WEST,111,-77.11944814892344,38.93423284498922
ROCK CREEK WEST,112,-77.11925954408366,38.93417461869019
ROCK CREEK WEST,113,-77.11902971084052,38.93402917957698
ROCK CREEK WEST,114,-77.11895247164834,38.93396127248548
ROCK CREEK WEST,115,-77.11877125019141,38.93379268606331
ROCK CREEK WEST,116,-77.11798974145232,38.93285943271885
ROCK CREEK WEST,117,-77.117919311755,38.93277209613353
ROCK CREEK WEST,118,-77.11760605033153,38.93229665569315
ROCK CREEK WEST,119,-77.11732580786273,38.93174095317882
ROCK CREEK WEST,120,-77.11723502971242,38.93155201378431
ROCK CREEK WEST,121,-77.11704125936689,38.93119412744222
ROCK CREEK WEST,122,-77.11692798361126,38.93112611993951
ROCK CREEK WEST,123,-77.11681704473423,38.93094972192854
ROCK CREEK WEST,124,-77.11670811337555,38.93067479784161
ROCK CREEK WEST,125,-77.116609784755,38.93005613268602
ROCK CREEK WEST,126,-77.11646406705844,38.92932337020065
ROCK CREEK WEST,127,-77.11634231725151,38.92892262124794
ROCK CREEK WEST,128,-77.11619774062298,38.92866757739396
ROCK CREEK WEST,129,-77.11594155617644,38.92825991705558
ROCK CREEK WEST,130,-77.1154098636903,38.92775584220737
ROCK CREEK WEST,131,-77.11516806878272,38.92754846594327
ROCK CREEK WEST,132,-77.11502774154425,38.92746400699363
ROCK CREEK WEST,133,-77.11487854943658,38.92747471149556
ROCK CREEK WEST,134,-77.11448500776869,38.92702833893702
ROCK CREEK WEST,135,-77.1142134716927,38.92670332308871
ROCK CREEK WEST,136,-77.11408702987367,38.92651637974805
ROCK CREEK WEST,137,-77.11403854667057,38.9263934094003
ROCK CREEK WEST,138,-77.1138969733064,38.92620521944334
ROCK CREEK WEST,139,-77.11369474924149,38.92595036367111
ROCK CREEK WEST,140,-77.1133387041833,38.92551169781451
ROCK CREEK WEST,141,-77.11321500330149,38.9254576236339
ROCK CREEK WEST,142,-77.11310497105079,38.92538341149494
ROCK CREEK WEST,143,-77.11300392411039,38.92529554295025
ROCK CREEK WEST,144,-77.11267875694548,38.92500196029918
ROCK CREEK WEST,145,-77.11271645690414,38.92491507467175
ROCK CREEK WEST,146,-77.11263664957542,38.92481015057004
ROCK CREEK WEST,147,-77.11256048694894,38.92473463508729
ROCK CREEK WEST,148,-77.11236704227929,38.92455677167661
ROCK CREEK WEST,149,-77.11189727439984,38.92420097012524
ROCK CREEK WEST,150,-77.11180636311809,38.92413982753871
ROCK CREEK WEST,151,-77.11158380403056,38.92401392367478
ROCK CREEK WEST,152,-77.11134357488554,38.9238708663493
ROCK CREEK WEST,153,-77.11091848805013,38.92351276616485
ROCK CREEK WEST,154,-77.11066226786137,38.92328104461917
ROCK CREEK WEST,155,-77.11040277990483,38.92303806517937
ROCK CREEK WEST,156,-77.10979618112754,38.92250869468701
ROCK CREEK WEST,157,-77.10929004628326,38.92216107825498
ROCK CREEK WEST,158,-77.1085649231264,38.9216430725026
ROCK CREEK WEST,159,-77.10814434705973,38.92115419296978
ROCK CREEK WEST,160,-77.10749798959014,38.92052026944614
ROCK CREEK WEST,161,-77.10726779709523,38.92033608941063
ROCK CREEK WEST,162,-77.1068115704013,38.91984682331497
ROCK CREEK WEST,163,-77.10633188536399,38.9193277321352
ROCK CREEK WEST,164,-77.10582480214602,38.91855530431631
ROCK CREEK WEST,165,-77.10566830752244,38.91824085682147
ROCK CREEK WEST,166,-77.10558103511082,38.91795731723713
ROCK CREEK WEST,167,-77.1055693692013,38.91786625349045
ROCK CREEK WEST,168,-77.10554005261369,38.9177774667772
ROCK CREEK WEST,169,-77.10549559083752,38.91768531560309
ROCK CREEK WEST,170,-77.1053566210571,38.91752314677773
ROCK CREEK WEST,171,-77.10493109803942,38.91706537461067
ROCK CREEK WEST,172,-77.10434060762626,38.91640237616821
ROCK CREEK WEST,173,-77.10417457013877,38.9162096917992
ROCK CREEK WEST,174,-77.10405931722858,38.91599472038151
ROCK CREEK WEST,175,-77.10360407314317,38.91490934058425
ROCK CREEK WEST,176,-77.10356392019916,38.91480380742201
ROCK CREEK WEST,177,-77.10347296378978,38.91445200414142
ROCK CREEK WEST,178,-77.10343888897954,38.91430747743795
ROCK CREEK WEST,179,-77.10344306877322,38.9142080937
ROCK CREEK WEST,180,-77.10345080871602,38.91408296096358
ROCK CREEK WEST,181,-77.10344487116724,38.91396416419048
ROCK CREEK WEST,182,-77.10342119732765,38.91354149564747
ROCK CREEK WEST,183,-77.10339042941408,38.91344271935922
ROCK CREEK WEST,184,-77.10334920936283,38.91333999764351
ROCK CREEK WEST,185,-77.10313328575752,38.9130327786733
ROCK CREEK WEST,186,-77.10299572740114,38.91283993225358
ROCK CREEK WEST,187,-77.10180929018057,38.9118986090158
ROCK CREEK WEST,188,-77.10160224348441,38.91174466543983
ROCK CREEK WEST,189,-77.10127375321677,38.91157576486383
ROCK CREEK WEST,190,-77.10104048473688,38.91146744326381
ROCK CREEK WEST,191,-77.1006394181517,38.91118599028628
ROCK CREEK WEST,192,-77.10014091660494,38.91079892452301
ROCK CREEK WEST,193,-77.09894876992543,38.90984590202258
ROCK CREEK WEST,194,-77.09881310507345,38.90970891876358
ROCK CREEK WEST,195,-77.09865362160447,38.90954788514696
ROCK CREEK WEST,196,-77.09853671156068,38.90942383973063
ROCK CREEK WEST,197,-77.09841799455302,38.9092934628467
ROCK CREEK WEST,198,-77.09810659204341,38.90896055089405
ROCK CREEK WEST,199,-77.09781220893174,38.90868561961292
ROCK CREEK WEST,200,-77.0976884843952,38.90857593834794
ROCK CREEK WEST,201,-77.0975583318812,38.90852059168635
ROCK CREEK WEST,202,-77.09739898018057,38.90844358612221
ROCK CREEK WEST,203,-77.0972951036047,38.90836259750618
ROCK CREEK WEST,204,-77.09702169756517,38.90814648028562
ROCK CREEK WEST,205,-77.0968478282011,38.90799052781248
ROCK CREEK WEST,206,-77.09670206108053,38.90783765069371
ROCK CREEK WEST,207,-77.09651775063955,38.90769254341179
ROCK CREEK WEST,208,-77.09578840550269,38.90734617792842
ROCK CREEK WEST,209,-77.09557534990405,38.90724853070286
ROCK CREEK WEST,210,-77.09479908539545,38.90683830114143
ROCK CREEK WEST,211,-77.09398099373303,38.90638699493051
ROCK CREEK WEST,212,-77.09290255933112,38.90576628095708
ROCK CREEK WEST,213,-77.09246315060588,38.90558927303648
ROCK CREEK WEST,214,-77.09155580231993,38.90519699808158
ROCK CREEK WEST,215,-77.09085717945109,38.90488211587519
ROCK CREEK WEST,216,-77.09018334542756,38.90450892627361
ROCK CREEK WEST,217,-77.0894853757943,38.90413476934427
ROCK CREEK WEST,218,-77.08925572111129,38.90401530502184
ROCK CREEK WEST,219,-77.08876906514548,38.90378357546034
ROCK CREEK WEST,220,-77.0883916373067,38.90360875715877
ROCK CREEK WEST,221,-77.08812092941999,38.90349635717904
ROCK CREEK WEST,222,-77.08800811248416,38.9034525264714
ROCK CREEK WEST,223,-77.08785601926505,38.90340098701738
ROCK CREEK WEST,224,-77.08740622938741,38.90326337940055
ROCK CREEK WEST,225,-77.08581445395649,38.90289591939833
ROCK CREEK WEST,226,-77.08550490447836,38.90282464701756
ROCK CREEK WEST,227,-77.08518600929719,38.9027851891494
ROCK CREEK WEST,228,-77.08456051347142,38.90272905305344
ROCK CREEK WEST,229,-77.08413899136937,38.90271894373475
ROCK CREEK WEST,230,-77.08369972660054,38.90263987760613
ROCK CREEK WEST,231,-77.08268387252203,38.90242313018368
ROCK CREEK WEST,232,-77.08252567099908,38.90237792098543
ROCK CREEK WEST,233,-77.08242632877159,38.90245737278787
ROCK CREEK WEST,234,-77.08228370747477,38.90249646150964
ROCK CREEK WEST,235,-77.08176312915616,38.90251287990736
ROCK CREEK WEST,236,-77.08155164191876,38.90249711896737
ROCK CREEK WEST,237,-77.08080328099012,38.9024319049744
ROCK CREEK WEST,238,-77.08012269542263,38.90239521424233
ROCK CREEK WEST,239,-77.07998291994164,38.90240291307754
ROCK CREEK WEST,240,-77.07900694275854,38.90759534473811
ROCK CREEK WEST,241,-77.07895009088608,38.90897000336048
ROCK CREEK WEST,242,-77.07936251656919,38.91080277854698
ROCK CREEK WEST,243,-77.0800676404533,38.91208528399292
ROCK CREEK WEST,244,-77.08118461338138,38.91428409819202
ROCK CREEK WEST,245,-77.08200753125439,38.91579565435909
ROCK CREEK WEST,246,-77.08325610928686,38.91826925323432
ROCK CREEK WEST,247,-77.08007458595621,38.91827147674718
ROCK CREEK WEST,248,-77.07790452448816,38.91822719935678
ROCK CREEK WEST,249,-77.07645249449786,38.91805037893689
ROCK CREEK WEST,250,-77.07522029049545,38.91754713531734
ROCK CREEK WEST,251,-77.07410512848898,38.91695217171175
ROCK CREEK WEST,252,-77.07328376574733,38.91681516848018
ROCK CREEK WEST,253,-77.07167254900064,38.91668724057757
ROCK CREEK WEST,254,-77.06972942442508,38.91688040194378
ROCK CREEK WEST,255,-77.06859995124879,38.91708855047201
ROCK CREEK WEST,256,-77.06740454567553,38.91768379622294
ROCK CREEK WEST,257,-77.06736240805253,38.91809552838566
ROCK CREEK WEST,258,-77.06737306651958,38.91869753109169
ROCK CREEK WEST,259,-77.05915432009459,38.91842440703056
ROCK CREEK WEST,260,-77.05828064325638,38.91774007765923
ROCK CREEK WEST,261,-77.05819566589095,38.91781879879277
ROCK CREEK WEST,262,-77.05782550853691,38.9181622901163
ROCK CREEK WEST,263,-77.05771635080481,38.91820006197157
ROCK CREEK WEST,264,-77.05641945201262,38.91864801308444
ROCK CREEK WEST,265,-77.0554384863759,38.91899699692438
ROCK CREEK WEST,266,-77.05486538697868,38.91975241771803
ROCK CREEK WEST,267,-77.05413939011673,38.91991476213336
ROCK CREEK WEST,268,-77.05334024361457,38.9200739014556
ROCK CREEK WEST,269,-77.05259223276813,38.91971320469379
ROCK CREEK WEST,270,-77.05153629727042,38.91957629814885
ROCK CREEK WEST,271,-77.0514574363814,38.91965910143491
ROCK CREEK WEST,272,-77.05088382274303,38.9202613612328
ROCK CREEK WEST,273,-77.05020338618046,38.92118008157679
ROCK CREEK WEST,274,-77.05011444534121,38.92128216607981
ROCK CREEK WEST,275,-77.04957572896348,38.9218397860566
ROCK CREEK WEST,276,-77.04868172645233,38.92245695293239
ROCK CREEK WEST,277,-77.04852078784961,38.92320203528885
ROCK CREEK WEST,278,-77.04852360971263,38.92417986050728
ROCK CREEK WEST,279,-77.04901215877955,38.92503980715237
ROCK CREEK WEST,280,-77.04904861669037,38.92513015431643
ROCK CREEK WEST,281,-77.0494197593364,38.92609515829908
ROCK CREEK WEST,282,-77.04982588546824,38.92810947071355
ROCK CREEK WEST,283,-77.04915773954122,38.92816465034113
ROCK CREEK WEST,284,-77.04872220714157,38.92791428445727
ROCK CREEK WEST,285,-77.04862774750328,38.92785366180351
ROCK CREEK WEST,286,-77.04780597363482,38.92721750927608
ROCK CREEK WEST,287,-77.04709140457838,38.92680172326137
ROCK CREEK WEST,288,-77.04699514025287,38.92674573928725
ROCK CREEK WEST,289,-77.04656386212226,38.92636264404206
ROCK CREEK WEST,290,-77.04600037353389,38.92605699876937
ROCK CREEK WEST,291,-77.04525281960942,38.92645662037091
ROCK CREEK WEST,292,-77.04458854579207,38.9269123542519
ROCK CREEK WEST,293,-77.04452829964588,38.92796480077171
ROCK CREEK WEST,294,-77.04445889182998,38.92877234151592
ROCK CREEK WEST,295,-77.0453383707813,38.92950885662712
ROCK CREEK WEST,296,-77.04542527948223,38.92957539430856
ROCK CREEK WEST,297,-77.0461661211792,38.93046256684556
ROCK CREEK WEST,298,-77.04623177321704,38.93054221039512
ROCK CREEK WEST,299,-77.04684584683412,38.9315479418653
ROCK CREEK WEST,300,-77.0468985299144,38.93163405818828
ROCK CREEK WEST,301,-77.04832282165842,38.93207207450209
ROCK CREEK WEST,302,-77.04961901833008,38.93226295793076
ROCK CREEK WEST,303,-77.05062187009251,38.93248814994327
ROCK CREEK WEST,304,-77.05081556513413,38.93320338853738
ROCK CREEK WEST,305,-77.04929079017253,38.93398311586957
ROCK CREEK WEST,306,-77.04809662549846,38.93495636612494
MID-CITY,1,-77.05081556513413,38.93320338853738
MID-CITY,2,-77.05062187009251,38.93248814994327
MID-CITY,3,-77.04961901833008,38.93226295793076
MID-CITY,4,-77.04832282165842,38.93207207450209
MID-CITY,5,-77.0468985299144,38.93163405818828
MID-CITY,6,-77.04684584683412,38.9315479418653
MID-CITY,7,-77.04623177321704,38.93054221039512
MID-CITY,8,-77.0461661211792,38.93046256684556
MID-CITY,9,-77.04542527948223,38.92957539430856
MID-CITY,10,-77.0453383707813,38.92950885662712
MID-CITY,11,-77.04445889182998,38.92877234151592
MID-CITY,12,-77.04452829964588,38.92796480077171
MID-CITY,13,-77.04458854579207,38.9269123542519
MID-CITY,14,-77.04525281960942,38.92645662037091
MID-CITY,15,-77.04600037353389,38.92605699876937
MID-CITY,16,-77.04656386212226,38.92636264404206
MID-CITY,17,-77.04699514025287,38.92674573928725
MID-CITY,18,-77.04709140457838,38.92680172326137
MID-CITY,19,-77.04780597363482,38.92721750927608
MID-CITY,20,-77.04862774750328,38.92785366180351
MID-CITY,21,-77.04872220714157,38.92791428445727
MID-CITY,22,-77.04915773954122,38.92816465034113
MID-CITY,23,-77.04982588546824,38.92810947071355
MID-CITY,24,-77.0494197593364,38.92609515829908
MID-CITY,25,-77.04904861669037,38.92513015431643
MID-CITY,26,-77.04901215877955,38.92503980715237
MID-CITY,27,-77.04852360971263,38.92417986050728
MID-CITY,28,-77.04852078784961,38.92320203528885
MID-CITY,29,-77.04868172645233,38.92245695293239
MID-CITY,30,-77.04957572896348,38.9218397860566
MID-CITY,31,-77.05011444534121,38.92128216607981
MID-CITY,32,-77.04967243057429,38.92046076832774
MID-CITY,33,-77.04892087321208,38.91911152057548
MID-CITY,34,-77.04767886688519,38.91875747507601
MID-CITY,35,-77.04682632654375,38.91719149610012
MID-CITY,36,-77.04675451419065,38.91703711301291
MID-CITY,37,-77.04649360429427,38.91643718099645
MID-CITY,38,-77.04647010188022,38.91632711750461
MID-CITY,39,-77.04615781873912,38.91485845913179
MID-CITY,40,-77.04122973384874,38.91701343823713
MID-CITY,41,-77.03195302641026,38.9170055783759
MID-CITY,42,-77.03195372004501,38.91410157911452
MID-CITY,43,-77.01845356435045,38.91410604073438
MID-CITY,44,-77.01675642163634,38.91407786615434
MID-CITY,45,-77.01509227020277,38.91334743569056
MID-CITY,46,-77.00920821679983,38.91076504108189
MID-CITY,47,-77.00897543893763,38.91067343534375
MID-CITY,48,-77.00479825607911,38.909012624016
MID-CITY,49,-77.00468583881906,38.90896463211475
MID-CITY,50,-77.0026173191104,38.90808300489094
MID-CITY,51,-76.99842941920099,38.91562581571786
MID-CITY,52,-76.99953889364213,38.91562582534348
MID-CITY,53,-76.99953886362229,38.92028960939536
MID-CITY,54,-77.00534048857536,38.91830822338961
MID-CITY,55,-77.0090383747113,38.91826661154276
MID-CITY,56,-77.00900591320655,38.9265637033603
MID-CITY,57,-77.00900521902928,38.92672866370319
MID-CITY,58,-77.01208759630504,38.92646179337086
MID-CITY,59,-77.01436670128986,38.92646153538039
MID-CITY,60,-77.01516648218372,38.92680502051012
MID-CITY,61,-77.01680537437292,38.92765593798507
MID-CITY,62,-77.01694089992303,38.92772630037895
MID-CITY,63,-77.01754618491368,38.92844518262354
MID-CITY,64,-77.01807413732286,38.92973540778139
MID-CITY,65,-77.01908916180152,38.9342334906745
MID-CITY,66,-77.01912668935834,38.93439351705064
MID-CITY,67,-77.0192318116667,38.9365875887376
MID-CITY,68,-77.01917312534889,38.93684208283815
MID-CITY,69,-77.01908521485689,38.93698186098697
MID-CITY,70,-77.01899989986295,38.93738373508814
MID-CITY,71,-77.01899994375367,38.93754841577879
MID-CITY,72,-77.02131893428724,38.9371731894942
MID-CITY,73,-77.02183903860153,38.93711059388867
MID-CITY,74,-77.02311851787174,38.93679801205771
MID-CITY,75,-77.02427830816232,38.93648544112439
MID-CITY,76,-77.02437126618366,38.93636437724984
MID-CITY,77,-77.02518943980566,38.9352984046528
MID-CITY,78,-77.02546950601496,38.935298343955
MID-CITY,79,-77.02962867299397,38.93645296645369
MID-CITY,80,-77.03418807561131,38.93760731533982
MID-CITY,81,-77.03546189788914,38.937606935796
MID-CITY,82,-77.03642753633495,38.93763014147758
MID-CITY,83,-77.03642787544086,38.9382938006861
MID-CITY,84,-77.03690758816826,38.93819990984936
MID-CITY,85,-77.03858081278878,38.93756484302199
MID-CITY,86,-77.03982013463707,38.93710894975136
MID-CITY,87,-77.04048321980444,38.93687801940818
MID-CITY,88,-77.04062194097394,38.93679676145376
MID-CITY,89,-77.04124204884712,38.93643368094274
MID-CITY,90,-77.04254466558702,38.93640013555941
MID-CITY,91,-77.04269352214003,38.93639627977684
MID-CITY,92,-77.04430498779264,38.93629221969505
MID-CITY,93,-77.04546229397366,38.93620366507438
MID-CITY,94,-77.04610407925114,38.93594794725639
MID-CITY,95,-77.04706373061302,38.93566647872467
MID-CITY,96,-77.04792636787825,38.93528988741475
MID-CITY,97,-77.04809662549846,38.93495636612494
MID-CITY,98,-77.04929079017253,38.93398311586957
MID-CITY,99,-77.05081556513413,38.93320338853738
NEAR NORTHWEST,1,-77.08325610928686,38.91826925323432
NEAR NORTHWEST,2,-77.08200753125439,38.91579565435909
NEAR NORTHWEST,3,-77.08118461338138,38.91428409819202
NEAR NORTHWEST,4,-77.0800676404533,38.91208528399292
NEAR NORTHWEST,5,-77.07936251656919,38.91080277854698
NEAR NORTHWEST,6,-77.07895009088608,38.90897000336048
NEAR NORTHWEST,7,-77.07900694275854,38.90759534473811
NEAR NORTHWEST,8,-77.07998291994164,38.90240291307754
NEAR NORTHWEST,9,-77.07984414507891,38.90233642721783
NEAR NORTHWEST,10,-77.0790191133517,38.90232544846554
NEAR NORTHWEST,11,-77.07876079542366,38.90231759645511
NEAR NORTHWEST,12,-77.0780629330294,38.9022935801333
NEAR NORTHWEST,13,-77.07723055528686,38.90215196343184
NEAR NORTHWEST,14,-77.07706805059422,38.90212153240733
NEAR NORTHWEST,15,-77.07691956440658,38.90206940880463
NEAR NORTHWEST,16,-77.07680636996723,38.90200910024114
NEAR NORTHWEST,17,-77.07667951513707,38.90197089804232
NEAR NORTHWEST,18,-77.07547479296174,38.90164062532505
NEAR NORTHWEST,19,-77.07528668788858,38.90159063318976
NEAR NORTHWEST,20,-77.07503082613039,38.90152563131731
NEAR NORTHWEST,21,-77.07480524763353,38.90146932959015
NEAR NORTHWEST,22,-77.07342364961833,38.90113759938987
NEAR NORTHWEST,23,-77.07284321136787,38.90107406644977
NEAR NORTHWEST,24,-77.07270557412113,38.9010627476052
NEAR NORTHWEST,25,-77.07215294665937,38.90107069328855
NEAR NORTHWEST,26,-77.07191192924307,38.90107689551832
NEAR NORTHWEST,27,-77.07175811729805,38.90108796228269
NEAR NORTHWEST,28,-77.07119399262426,38.90113897946623
NEAR NORTHWEST,29,-77.07066446912502,38.90119532396656
NEAR NORTHWEST,30,-77.07035231762958,38.9010344879103
NEAR NORTHWEST,31,-77.07011263667972,38.90092259501409
NEAR NORTHWEST,32,-77.06972879135093,38.90074828774919
NEAR NORTHWEST,33,-77.0694419001466,38.9006206480001
NEAR NORTHWEST,34,-77.06929163774254,38.90059427966468
NEAR NORTHWEST,35,-77.06901163345043,38.90050562296226
NEAR NORTHWEST,36,-77.06887719996179,38.90044363468613
NEAR NORTHWEST,37,-77.06877229841855,38.90037781833583
NEAR NORTHWEST,38,-77.06866776625021,38.90031228994118
NEAR NORTHWEST,39,-77.06856105397873,38.90023325018815
NEAR NORTHWEST,40,-77.06843415230185,38.90013831339713
NEAR NORTHWEST,41,-77.06816373463484,38.89990889337128
NEAR NORTHWEST,42,-77.06777145833766,38.89957412760105
NEAR NORTHWEST,43,-77.06770183203166,38.89946859896081
NEAR NORTHWEST,44,-77.06756290061685,38.89921869729893
NEAR NORTHWEST,45,-77.06753687132023,38.89912243996313
NEAR NORTHWEST,46,-77.06758216096603,38.89902078140533
NEAR NORTHWEST,47,-77.06762457694913,38.89891589949713
NEAR NORTHWEST,48,-77.06761321698445,38.8987161726112
NEAR NORTHWEST,49,-77.06758242156404,38.89852926685789
NEAR NORTHWEST,50,-77.06746343254582,38.89804443333696
NEAR NORTHWEST,51,-77.06726933750194,38.89735976528507
NEAR NORTHWEST,52,-77.06720429822845,38.89715218688264
NEAR NORTHWEST,53,-77.06715485565645,38.89705411419574
NEAR NORTHWEST,54,-77.06698021585832,38.89675271340359
NEAR NORTHWEST,55,-77.06683697151053,38.89650506532671
NEAR NORTHWEST,56,-77.06655586479754,38.8959927307227
NEAR NORTHWEST,57,-77.06610799880433,38.89511213763312
NEAR NORTHWEST,58,-77.06561154957976,38.89427421562621
NEAR NORTHWEST,59,-77.06534029846969,38.89388095404404
NEAR NORTHWEST,60,-77.06527248394222,38.89378021529475
NEAR NORTHWEST,61,-77.06521692535476,38.89369466678718
NEAR NORTHWEST,62,-77.06513355094842,38.89351975268946
NEAR NORTHWEST,63,-77.06500645863586,38.89319749488509
NEAR NORTHWEST,64,-77.06483279604944,38.89275871243824
NEAR NORTHWEST,65,-77.06479989864266,38.89263261345304
NEAR NORTHWEST,66,-77.06480158704795,38.89249903633957
NEAR NORTHWEST,67,-77.06466909250351,38.89178322320402
NEAR NORTHWEST,68,-77.06330922259978,38.8917195042343
NEAR NORTHWEST,69,-77.061459830211,38.89206744954321
NEAR NORTHWEST,70,-77.05568943332729,38.89287983569583
NEAR NORTHWEST,71,-77.05613409382693,38.89351569505511
NEAR NORTHWEST,72,-77.0566530993054,38.89478745355597
NEAR NORTHWEST,73,-77.05665438505615,38.89640642801943
NEAR NORTHWEST,74,-77.05658146594128,38.89802543798199
NEAR NORTHWEST,75,-77.05554526034166,38.89738985458698
NEAR NORTHWEST,76,-77.05510108378698,38.8973900649471
NEAR NORTHWEST,77,-77.0530292813296,38.89733331624028
NEAR NORTHWEST,78,-77.053398257851,38.89600328795007
NEAR NORTHWEST,79,-77.04348384031617,38.89600739937379
NEAR NORTHWEST,80,-77.04348641336638,38.90022824050447
NEAR NORTHWEST,81,-77.04666856638117,38.90132560914481
NEAR NORTHWEST,82,-77.04667174428651,38.90618251673436
NEAR NORTHWEST,83,-77.0439357704358,38.90919025825025
NEAR NORTHWEST,84,-77.04354224081548,38.90906048720304
NEAR NORTHWEST,85,-77.04294690396867,38.908864352627
NEAR NORTHWEST,86,-77.04200572826953,38.90935283908185
NEAR NORTHWEST,87,-77.04160064801323,38.90918266321923
NEAR NORTHWEST,88,-77.04029429314772,38.90872046139388
NEAR NORTHWEST,89,-77.02401290729415,38.90295706620557
NEAR NORTHWEST,90,-77.0239506172895,38.90734991188399
NEAR NORTHWEST,91,-77.02192644744102,38.90723053432233
NEAR NORTHWEST,92,-77.02182894633962,38.9029828262172
NEAR NORTHWEST,93,-77.0208541574611,38.90332194367569
NEAR NORTHWEST,94,-77.00905032296416,38.90729008408373
NEAR NORTHWEST,95,-77.00905034047125,38.90742802892122
NEAR NORTHWEST,96,-77.00897543893763,38.91067343534375
NEAR NORTHWEST,97,-77.00920821679983,38.91076504108189
NEAR NORTHWEST,98,-77.01509227020277,38.91334743569056
NEAR NORTHWEST,99,-77.01675642163634,38.91407786615434
NEAR NORTHWEST,100,-77.01845356435045,38.91410604073438
NEAR NORTHWEST,101,-77.03195372004501,38.91410157911452
NEAR NORTHWEST,102,-77.03195302641026,38.9170055783759
NEAR NORTHWEST,103,-77.04122973384874,38.91701343823713
NEAR NORTHWEST,104,-77.04615781873912,38.91485845913179
NEAR NORTHWEST,105,-77.04647010188022,38.91632711750461
NEAR NORTHWEST,106,-77.04649360429427,38.91643718099645
NEAR NORTHWEST,107,-77.04675451419065,38.91703711301291
NEAR NORTHWEST,108,-77.04682632654375,38.91719149610012
NEAR NORTHWEST,109,-77.04767886688519,38.91875747507601
NEAR NORTHWEST,110,-77.04892087321208,38.91911152057548
NEAR NORTHWEST,111,-77.04967243057429,38.92046076832774
NEAR NORTHWEST,112,-77.05011444534121,38.92128216607981
NEAR NORTHWEST,113,-77.05020338618046,38.92118008157679
NEAR NORTHWEST,114,-77.05088382274303,38.9202613612328
NEAR NORTHWEST,115,-77.0514574363814,38.91965910143491
NEAR NORTHWEST,116,-77.05153629727042,38.91957629814885
NEAR NORTHWEST,117,-77.05259223276813,38.91971320469379
NEAR NORTHWEST,118,-77.05334024361457,38.9200739014556
NEAR NORTHWEST,119,-77.05413939011673,38.91991476213336
NEAR NORTHWEST,120,-77.05486538697868,38.91975241771803
NEAR NORTHWEST,121,-77.0554384863759,38.91899699692438
NEAR NORTHWEST,122,-77.05641945201262,38.91864801308444
NEAR NORTHWEST,123,-77.05771635080481,38.91820006197157
NEAR NORTHWEST,124,-77.05782550853691,38.9181622901163
NEAR NORTHWEST,125,-77.05819566589095,38.91781879879277
NEAR NORTHWEST,126,-77.05828064325638,38.91774007765923
NEAR NORTHWEST,127,-77.05915432009459,38.91842440703056
NEAR NORTHWEST,128,-77.06737306651958,38.91869753109169
NEAR NORTHWEST,129,-77.06736240805253,38.91809552838566
NEAR NORTHWEST,130,-77.06740454567553,38.91768379622294
NEAR NORTHWEST,131,-77.06859995124879,38.91708855047201
NEAR NORTHWEST,132,-77.06972942442508,38.91688040194378
NEAR NORTHWEST,133,-77.07167254900064,38.91668724057757
NEAR NORTHWEST,134,-77.07328376574733,38.91681516848018
NEAR NORTHWEST,135,-77.07410512848898,38.91695217171175
NEAR NORTHWEST,136,-77.07522029049545,38.91754713531734
NEAR NORTHWEST,137,-77.07645249449786,38.91805037893689
NEAR NORTHWEST,138,-77.07790452448816,38.91822719935678
NEAR NORTHWEST,139,-77.08007458595621,38.91827147674718
NEAR NORTHWEST,140,-77.08325610928686,38.91826925323432
FAR NORTHEAST AND SOUTHEAST,1,-76.97807731463132,38.87698930121549
FAR NORTHEAST AND SOUTHEAST,2,-76.97459471224383,38.87526600966921
FAR NORTHEAST AND SOUTHEAST,3,-76.97463536219811,38.87525446973608
FAR NORTHEAST AND SOUTHEAST,4,-76.97501824180473,38.87509085161922
FAR NORTHEAST AND SOUTHEAST,5,-76.97954923653695,38.87315464734612
FAR NORTHEAST AND SOUTHEAST,6,-76.98059477941374,38.87270791886484
FAR NORTHEAST AND SOUTHEAST,7,-76.98105615722476,38.87249095514332
FAR NORTHEAST AND SOUTHEAST,8,-76.98636009072476,38.86989727415727
FAR NORTHEAST AND SOUTHEAST,9,-76.98717289661646,38.86966244499395
FAR NORTHEAST AND SOUTHEAST,10,-76.9871664376771,38.86950295942583
FAR NORTHEAST AND SOUTHEAST,11,-76.98705766064042,38.86764553044514
FAR NORTHEAST AND SOUTHEAST,12,-76.98487128733012,38.86712630210411
FAR NORTHEAST AND SOUTHEAST,13,-76.98466676655667,38.86707771108161
FAR NORTHEAST AND SOUTHEAST,14,-76.98406262939402,38.86668379141897
FAR NORTHEAST AND SOUTHEAST,15,-76.98392509020786,38.86659425597082
FAR NORTHEAST AND SOUTHEAST,16,-76.97701913384184,38.86497454137743
FAR NORTHEAST AND SOUTHEAST,17,-76.97066487873015,38.8622031646918
FAR NORTHEAST AND SOUTHEAST,18,-76.9700079485067,38.86176017990798
FAR NORTHEAST AND SOUTHEAST,19,-76.96928874538152,38.86127508768732
FAR NORTHEAST AND SOUTHEAST,20,-76.96823192453155,38.86056229283456
FAR NORTHEAST AND SOUTHEAST,21,-76.96820110515999,38.8602485391043
FAR NORTHEAST AND SOUTHEAST,22,-76.96816908481301,38.85857211671135
FAR NORTHEAST AND SOUTHEAST,23,-76.96800326131084,38.85822567039888
FAR NORTHEAST AND SOUTHEAST,24,-76.9679072165302,38.85802507143492
FAR NORTHEAST AND SOUTHEAST,25,-76.96780182575644,38.85780489449751
FAR NORTHEAST AND SOUTHEAST,26,-76.96758636113496,38.85735540446744
FAR NORTHEAST AND SOUTHEAST,27,-76.96467067832667,38.85385717086773
FAR NORTHEAST AND SOUTHEAST,28,-76.96229098860681,38.85169693369533
FAR NORTHEAST AND SOUTHEAST,29,-76.90914999632326,38.89293140046603
FAR NORTHEAST AND SOUTHEAST,30,-76.93400018005077,38.91239037312379
FAR NORTHEAST AND SOUTHEAST,31,-76.94187167018693,38.91855059021378
FAR NORTHEAST AND SOUTHEAST,32,-76.94247911215629,38.91800529214692
FAR NORTHEAST AND SOUTHEAST,33,-76.94293423809025,38.91740864115527
FAR NORTHEAST AND SOUTHEAST,34,-76.94359722125833,38.91700527257006
FAR NORTHEAST AND SOUTHEAST,35,-76.94595338197627,38.9152601832824
FAR NORTHEAST AND SOUTHEAST,36,-76.94725907754211,38.9149825033506
FAR NORTHEAST AND SOUTHEAST,37,-76.9518872199658,38.91492271238969
FAR NORTHEAST AND SOUTHEAST,38,-76.95289514218048,38.91480488861384
FAR NORTHEAST AND SOUTHEAST,39,-76.95350980898705,38.91433627782526
FAR NORTHEAST AND SOUTHEAST,40,-76.9538275035768,38.9122967174936
FAR NORTHEAST AND SOUTHEAST,41,-76.95446107080505,38.91096795635528
FAR NORTHEAST AND SOUTHEAST,42,-76.9553533045874,38.90979125237295
FAR NORTHEAST AND SOUTHEAST,43,-76.95665172215894,38.90807879513482
FAR NORTHEAST AND SOUTHEAST,44,-76.95804701629072,38.90597226043295
FAR NORTHEAST AND SOUTHEAST,45,-76.95841530074618,38.90510738308265
FAR NORTHEAST AND SOUTHEAST,46,-76.95932593549756,38.90348381266872
FAR NORTHEAST AND SOUTHEAST,47,-76.96061705401108,38.90172748127979
FAR NORTHEAST AND SOUTHEAST,48,-76.96202185736232,38.90012318819209
FAR NORTHEAST AND SOUTHEAST,49,-76.96221996271797,38.89950519775753
FAR NORTHEAST AND SOUTHEAST,50,-76.96218650451101,38.89859855829653
FAR NORTHEAST AND SOUTHEAST,51,-76.96193665501583,38.89709326052077
FAR NORTHEAST AND SOUTHEAST,52,-76.96175727200634,38.8967277865769
FAR NORTHEAST AND SOUTHEAST,53,-76.96186427004841,38.89530778754576
FAR NORTHEAST AND SOUTHEAST,54,-76.96299027146603,38.89163878774507
FAR NORTHEAST AND SOUTHEAST,55,-76.96338426708589,38.88980378863246
FAR NORTHEAST AND SOUTHEAST,56,-76.96679127473507,38.88524278268034
FAR NORTHEAST AND SOUTHEAST,57,-76.96960627208566,38.88266678124283
FAR NORTHEAST AND SOUTHEAST,58,-76.97145627455251,38.88064078365979
FAR NORTHEAST AND SOUTHEAST,59,-76.97211627485675,38.87923978672121
FAR NORTHEAST AND SOUTHEAST,60,-76.97347927647415,38.87814178269724
FAR NORTHEAST AND SOUTHEAST,61,-76.97807731463132,38.87698930121549
CENTRAL WASHINGTON,1,-77.0026173191104,38.90808300489094
CENTRAL WASHINGTON,2,-77.00468583881906,38.90896463211475
CENTRAL WASHINGTON,3,-77.00479825607911,38.909012624016
CENTRAL WASHINGTON,4,-77.00897543893763,38.91067343534375
CENTRAL WASHINGTON,5,-77.00905034047125,38.90742802892122
CENTRAL WASHINGTON,6,-77.00905032296416,38.90729008408373
CENTRAL WASHINGTON,7,-77.0208541574611,38.90332194367569
CENTRAL WASHINGTON,8,-77.02182894633962,38.9029828262172
CENTRAL WASHINGTON,9,-77.02192644744102,38.90723053432233
CENTRAL WASHINGTON,10,-77.0239506172895,38.90734991188399
CENTRAL WASHINGTON,11,-77.02401290729415,38.90295706620557
CENTRAL WASHINGTON,12,-77.04029429314772,38.90872046139388
CENTRAL WASHINGTON,13,-77.04160064801323,38.90918266321923
CENTRAL WASHINGTON,14,-77.04200572826953,38.90935283908185
CENTRAL WASHINGTON,15,-77.04294690396867,38.908864352627
CENTRAL WASHINGTON,16,-77.04354224081548,38.90906048720304
CENTRAL WASHINGTON,17,-77.0439357704358,38.90919025825025
CENTRAL WASHINGTON,18,-77.04667174428651,38.90618251673436
CENTRAL WASHINGTON,19,-77.04666856638117,38.90132560914481
CENTRAL WASHINGTON,20,-77.04348641336638,38.90022824050447
CENTRAL WASHINGTON,21,-77.04348384031617,38.89600739937379
CENTRAL WASHINGTON,22,-77.053398257851,38.89600328795007
CENTRAL WASHINGTON,23,-77.0530292813296,38.89733331624028
CENTRAL WASHINGTON,24,-77.05510108378698,38.8973900649471
CENTRAL WASHINGTON,25,-77.05554526034166,38.89738985458698
CENTRAL WASHINGTON,26,-77.05658146594128,38.89802543798199
CENTRAL WASHINGTON,27,-77.05665438505615,38.89640642801943
CENTRAL WASHINGTON,28,-77.0566530993054,38.89478745355597
CENTRAL WASHINGTON,29,-77.05613409382693,38.89351569505511
CENTRAL WASHINGTON,30,-77.05568943332729,38.89287983569583
CENTRAL WASHINGTON,31,-77.061459830211,38.89206744954321
CENTRAL WASHINGTON,32,-77.06330922259978,38.8917195042343
CENTRAL WASHINGTON,33,-77.06466909250351,38.89178322320402
CENTRAL WASHINGTON,34,-77.064479456718,38.89120130586485
CENTRAL WASHINGTON,35,-77.06439724817892,38.89111239349714
CENTRAL WASHINGTON,36,-77.06416144494823,38.89086858542315
CENTRAL WASHINGTON,37,-77.06389046855007,38.89034681558822
CENTRAL WASHINGTON,38,-77.06402127693346,38.89000456972582
CENTRAL WASHINGTON,39,-77.06416884984812,38.88988709155635
CENTRAL WASHINGTON,40,-77.06429338669173,38.88977624703858
CENTRAL WASHINGTON,41,-77.06439016967038,38.88965529227073
CENTRAL WASHINGTON,42,-77.06442069500606,38.88955659765369
CENTRAL WASHINGTON,43,-77.06440288300085,38.8893739085341
CENTRAL WASHINGTON,44,-77.06435476020212,38.88913141145964
CENTRAL WASHINGTON,45,-77.06423656119063,38.88867571554191
CENTRAL WASHINGTON,46,-77.06418493349662,38.88854638357684
CENTRAL WASHINGTON,47,-77.06408099363752,38.88832067260353
CENTRAL WASHINGTON,48,-77.06396603514372,38.88826189287121
CENTRAL WASHINGTON,49,-77.06387594094208,38.88820522540807
CENTRAL WASHINGTON,50,-77.06378904334494,38.88810110898407
CENTRAL WASHINGTON,51,-77.0635834815403,38.88782703295441
CENTRAL WASHINGTON,52,-77.06301115461632,38.88704009156058
CENTRAL WASHINGTON,53,-77.06288637873901,38.88686351342164
CENTRAL WASHINGTON,54,-77.06265231358044,38.88651639304779
CENTRAL WASHINGTON,55,-77.0626014363043,38.88642281421014
CENTRAL WASHINGTON,56,-77.06247008613813,38.88614657937532
CENTRAL WASHINGTON,57,-77.0623730115573,38.88593225872671
CENTRAL WASHINGTON,58,-77.0622727442481,38.88577002617477
CENTRAL WASHINGTON,59,-77.0616489297773,38.88497170066317
CENTRAL WASHINGTON,60,-77.06109720747904,38.88421007923777
CENTRAL WASHINGTON,61,-77.0608552097193,38.8838390329819
CENTRAL WASHINGTON,62,-77.06045730875907,38.88310083102882
CENTRAL WASHINGTON,63,-77.05994219236077,38.88215761184069
CENTRAL WASHINGTON,64,-77.05987979569213,38.88204939902668
CENTRAL WASHINGTON,65,-77.05982135852241,38.8819485079711
CENTRAL WASHINGTON,66,-77.0597023454609,38.88175207784497
CENTRAL WASHINGTON,67,-77.05916320696991,38.88091949935706
CENTRAL WASHINGTON,68,-77.05897214835663,38.88070212438191
CENTRAL WASHINGTON,69,-77.05889501102878,38.88063234826249
CENTRAL WASHINGTON,70,-77.05875157900772,38.88051728423522
CENTRAL WASHINGTON,71,-77.05863736869297,38.88047877670367
CENTRAL WASHINGTON,72,-77.05851884697928,38.88043885690286
CENTRAL WASHINGTON,73,-77.0579914530737,38.88028695920372
CENTRAL WASHINGTON,74,-77.05783728567538,38.88026184818698
CENTRAL WASHINGTON,75,-77.05765900584096,38.88026249486214
CENTRAL WASHINGTON,76,-77.05750739298699,38.88027510029184
CENTRAL WASHINGTON,77,-77.05695460895326,38.88034926703156
CENTRAL WASHINGTON,78,-77.05677095086638,38.88036962533802
CENTRAL WASHINGTON,79,-77.05646088180683,38.88039905293066
CENTRAL WASHINGTON,80,-77.05633446901504,38.88040572613722
CENTRAL WASHINGTON,81,-77.05607659133274,38.88039923808414
CENTRAL WASHINGTON,82,-77.05595628736513,38.88039197196385
CENTRAL WASHINGTON,83,-77.05525570687422,38.88029166376433
CENTRAL WASHINGTON,84,-77.05498121989032,38.88022240165741
CENTRAL WASHINGTON,85,-77.05485044147312,38.88017193507427
CENTRAL WASHINGTON,86,-77.05471534007405,38.88011977679182
CENTRAL WASHINGTON,87,-77.0546090460303,38.88006071346496
CENTRAL WASHINGTON,88,-77.05439501262661,38.87992061572034
CENTRAL WASHINGTON,89,-77.05428113714899,38.87983311612481
CENTRAL WASHINGTON,90,-77.05414275173892,38.87971959352393
CENTRAL WASHINGTON,91,-77.05402523954459,38.8795924043773
CENTRAL WASHINGTON,92,-77.05390088639302,38.87945578647842
CENTRAL WASHINGTON,93,-77.05375091967335,38.8792655532622
CENTRAL WASHINGTON,94,-77.05368024433746,38.87915171065085
CENTRAL WASHINGTON,95,-77.05363003757213,38.87896157550684
CENTRAL WASHINGTON,96,-77.05332111216129,38.87858716589734
CENTRAL WASHINGTON,97,-77.05305655342609,38.87829690975448
CENTRAL WASHINGTON,98,-77.05297294427143,38.87822262844055
CENTRAL WASHINGTON,99,-77.05277256781534,38.87803987573727
CENTRAL WASHINGTON,100,-77.05261216929854,38.87787004974744
CENTRAL WASHINGTON,101,-77.0517683899329,38.87692708546353
CENTRAL WASHINGTON,102,-77.05153296490262,38.87657163710855
CENTRAL WASHINGTON,103,-77.05144850808456,38.87632366411538
CENTRAL WASHINGTON,104,-77.05142318682502,38.87616067729164
CENTRAL WASHINGTON,105,-77.05143210525688,38.87604679818612
CENTRAL WASHINGTON,106,-77.05148028575294,38.87593121720547
CENTRAL WASHINGTON,107,-77.0515082945847,38.87582605881189
CENTRAL WASHINGTON,108,-77.051566456825,38.87556971713465
CENTRAL WASHINGTON,109,-77.05164104629968,38.87513010124653
CENTRAL WASHINGTON,110,-77.0516679307507,38.87496892905837
CENTRAL WASHINGTON,111,-77.05170733280936,38.87466811208404
CENTRAL WASHINGTON,112,-77.05169866435824,38.87413999834684
CENTRAL WASHINGTON,113,-77.05169460026792,38.8740021986107
CENTRAL WASHINGTON,114,-77.05168084259164,38.87389354534514
CENTRAL WASHINGTON,115,-77.05162200565422,38.87370861083778
CENTRAL WASHINGTON,116,-77.05158267837764,38.87360250021717
CENTRAL WASHINGTON,117,-77.05151992436606,38.87348218465862
CENTRAL WASHINGTON,118,-77.05145862490838,38.87336510243991
CENTRAL WASHINGTON,119,-77.05071700775453,38.87216956117848
CENTRAL WASHINGTON,120,-77.05064238843237,38.87206740221031
CENTRAL WASHINGTON,121,-77.05056669318498,38.87197524298919
CENTRAL WASHINGTON,122,-77.05037138192283,38.87178417803671
CENTRAL WASHINGTON,123,-77.05024634984781,38.8716851394363
CENTRAL WASHINGTON,124,-77.05012278071621,38.87161762949481
CENTRAL WASHINGTON,125,-77.04999778476682,38.87155279552954
CENTRAL WASHINGTON,126,-77.04984792892836,38.87148262105129
CENTRAL WASHINGTON,127,-77.04972977714723,38.87143242253673
CENTRAL WASHINGTON,128,-77.04959108592845,38.87137561144799
CENTRAL WASHINGTON,129,-77.04940019067058,38.87131516487747
CENTRAL WASHINGTON,130,-77.04924353979173,38.87131579857321
CENTRAL WASHINGTON,131,-77.04909445988282,38.87131641986758
CENTRAL WASHINGTON,132,-77.04892773784749,38.87133450665731
CENTRAL WASHINGTON,133,-77.04881757509033,38.87138874733846
CENTRAL WASHINGTON,134,-77.0485918366905,38.87145190033852
CENTRAL WASHINGTON,135,-77.04845213983096,38.87149109090434
CENTRAL WASHINGTON,136,-77.04799162538112,38.8715981117686
CENTRAL WASHINGTON,137,-77.04780906961379,38.8716343644132
CENTRAL WASHINGTON,138,-77.04748392369208,38.8716929075881
CENTRAL WASHINGTON,139,-77.0472999314966,38.8717186021682
CENTRAL WASHINGTON,140,-77.04692725802165,38.87178969372654
CENTRAL WASHINGTON,141,-77.04680736540199,38.87182380262897
CENTRAL WASHINGTON,142,-77.04669900643891,38.87189098566208
CENTRAL WASHINGTON,143,-77.04659462734729,38.87196492331004
CENTRAL WASHINGTON,144,-77.04646902294718,38.87207659651421
CENTRAL WASHINGTON,145,-77.04637256927398,38.87216461094448
CENTRAL WASHINGTON,146,-77.04630311349528,38.87224965082622
CENTRAL WASHINGTON,147,-77.04622900658484,38.87235960975501
CENTRAL WASHINGTON,148,-77.04625139337112,38.87246038692441
CENTRAL WASHINGTON,149,-77.04631521516966,38.87257197576344
CENTRAL WASHINGTON,150,-77.04638478836597,38.87268484147453
CENTRAL WASHINGTON,151,-77.0464767380765,38.87286398207691
CENTRAL WASHINGTON,152,-77.04651857354929,38.87295855366228
CENTRAL WASHINGTON,153,-77.0465380988837,38.87308832995875
CENTRAL WASHINGTON,154,-77.04653457320427,38.87319530615902
CENTRAL WASHINGTON,155,-77.0465018832606,38.87332410331956
CENTRAL WASHINGTON,156,-77.04644038802667,38.87345996550709
CENTRAL WASHINGTON,157,-77.04637354271124,38.87366253700827
CENTRAL WASHINGTON,158,-77.04637511648698,38.87386762168231
CENTRAL WASHINGTON,159,-77.04638705808944,38.87396051158704
CENTRAL WASHINGTON,160,-77.04650808967985,38.87400607298853
CENTRAL WASHINGTON,161,-77.04660177452953,38.87408626447111
CENTRAL WASHINGTON,162,-77.04702626881846,38.87449963400123
CENTRAL WASHINGTON,163,-77.04712539753262,38.87463711629908
CENTRAL WASHINGTON,164,-77.04716291280305,38.87473084257931
CENTRAL WASHINGTON,165,-77.04718313937919,38.87482063916138
CENTRAL WASHINGTON,166,-77.0472066132231,38.87492393801919
CENTRAL WASHINGTON,167,-77.04716058493631,38.87502727396803
CENTRAL WASHINGTON,168,-77.04710374191507,38.875105697023
CENTRAL WASHINGTON,169,-77.04682261616298,38.87530878736348
CENTRAL WASHINGTON,170,-77.04647230792989,38.87547515930715
CENTRAL WASHINGTON,171,-77.04634845946637,38.87553221368367
CENTRAL WASHINGTON,172,-77.04624008817706,38.87557194765593
CENTRAL WASHINGTON,173,-77.04612629760767,38.87558958606285
CENTRAL WASHINGTON,174,-77.04600853683066,38.87559821752308
CENTRAL WASHINGTON,175,-77.04583999085513,38.87559237429517
CENTRAL WASHINGTON,176,-77.04569988169261,38.87556062054902
CENTRAL WASHINGTON,177,-77.04554101494773,38.87548058892662
CENTRAL WASHINGTON,178,-77.0454293280356,38.87541757362749
CENTRAL WASHINGTON,179,-77.04514505260443,38.87520556306732
CENTRAL WASHINGTON,180,-77.04495336641294,38.87505235907679
CENTRAL WASHINGTON,181,-77.04486725234436,38.87498863073358
CENTRAL WASHINGTON,182,-77.04399176098435,38.87436977136286
CENTRAL WASHINGTON,183,-77.04369488930853,38.87416198692296
CENTRAL WASHINGTON,184,-77.03936043897956,38.87877822452077
CENTRAL WASHINGTON,185,-77.03795508242217,38.87935691152827
CENTRAL WASHINGTON,186,-77.03654977567267,38.87935735980413
CENTRAL WASHINGTON,187,-77.03477410856392,38.87912663855192
CENTRAL WASHINGTON,188,-77.03322078151459,38.87912709075402
CENTRAL WASHINGTON,189,-77.03211139429986,38.87964777993063
CENTRAL WASHINGTON,190,-77.03055852640726,38.88074679704974
CENTRAL WASHINGTON,191,-77.02944922626533,38.88161441890782
CENTRAL WASHINGTON,192,-77.02841394975151,38.88207720213449
CENTRAL WASHINGTON,193,-77.02760006497718,38.88230866067919
CENTRAL WASHINGTON,194,-77.02501085803726,38.88242494763195
CENTRAL WASHINGTON,195,-77.01224293085272,38.88242698413777
CENTRAL WASHINGTON,196,-77.00906182244765,38.88155992862573
CENTRAL WASHINGTON,197,-77.00654638570889,38.88092402333476
CENTRAL WASHINGTON,198,-77.00571117035591,38.88089999675851
CENTRAL WASHINGTON,199,-77.00585130951241,38.88138672215256
CENTRAL WASHINGTON,200,-77.0059253050918,38.8832369603267
CENTRAL WASHINGTON,201,-77.00903249563513,38.88323676130643
CENTRAL WASHINGTON,202,-77.00903272259369,38.8850291507616
CENTRAL WASHINGTON,203,-77.00725704433934,38.88508712646124
CENTRAL WASHINGTON,204,-77.00762705799946,38.88606999857286
CENTRAL WASHINGTON,205,-77.00348419558958,38.88607019570132
CENTRAL WASHINGTON,206,-77.00355810869432,38.88763146305611
CENTRAL WASHINGTON,207,-77.0019307595649,38.88763150132141
CENTRAL WASHINGTON,208,-77.0020788492539,38.88925046659115
CENTRAL WASHINGTON,209,-77.0034843509902,38.88925043309587
CENTRAL WASHINGTON,210,-77.00355885322783,38.90254903244301
CENTRAL WASHINGTON,211,-77.00207923720374,38.90254906817215
CENTRAL WASHINGTON,212,-77.00200510389013,38.90567145492418
CENTRAL WASHINGTON,213,-77.0005992785857,38.90567147061803
CENTRAL WASHINGTON,214,-77.0005992916368,38.90721949247893
CENTRAL WASHINGTON,215,-77.0026173191104,38.90808300489094
CAPITOL HILL,1,-76.98144048330207,38.87786284268824
CAPITOL HILL,2,-76.98049400361077,38.87819029676908
CAPITOL HILL,3,-76.97807731463132,38.87698930121549
CAPITOL HILL,4,-76.97347927647415,38.87814178269724
CAPITOL HILL,5,-76.97211627485675,38.87923978672121
CAPITOL HILL,6,-76.97145627455251,38.88064078365979
CAPITOL HILL,7,-76.96960627208566,38.88266678124283
CAPITOL HILL,8,-76.96679127473507,38.88524278268034
CAPITOL HILL,9,-76.96338426708589,38.88980378863246
CAPITOL HILL,10,-76.96299027146603,38.89163878774507
CAPITOL HILL,11,-76.96186427004841,38.89530778754576
CAPITOL HILL,12,-76.96175727200634,38.8967277865769
CAPITOL HILL,13,-76.96193665501583,38.89709326052077
CAPITOL HILL,14,-76.96952267971109,38.897775049866
CAPITOL HILL,15,-76.9703803732432,38.89791517937157
CAPITOL HILL,16,-76.97054358356348,38.89786201723765
CAPITOL HILL,17,-76.98238178503834,38.90006159579838
CAPITOL HILL,18,-76.98400976215072,38.90011953749742
CAPITOL HILL,19,-77.0005992916368,38.90721949247893
CAPITOL HILL,20,-77.0005992785857,38.90567147061803
CAPITOL HILL,21,-77.00200510389013,38.90567145492418
CAPITOL HILL,22,-77.00207923720374,38.90254906817215
CAPITOL HILL,23,-77.00355885322783,38.90254903244301
CAPITOL HILL,24,-77.0034843509902,38.88925043309587
CAPITOL HILL,25,-77.0020788492539,38.88925046659115
CAPITOL HILL,26,-77.0019307595649,38.88763150132141
CAPITOL HILL,27,-77.00355810869432,38.88763146305611
CAPITOL HILL,28,-77.00348419558958,38.88607019570132
CAPITOL HILL,29,-77.00762705799946,38.88606999857286
CAPITOL HILL,30,-77.00725704433934,38.88508712646124
CAPITOL HILL,31,-77.00903272259369,38.8850291507616
CAPITOL HILL,32,-77.00903249563513,38.88323676130643
CAPITOL HILL,33,-77.0059253050918,38.8832369603267
CAPITOL HILL,34,-77.00585130951241,38.88138672215256
CAPITOL HILL,35,-77.00571117035591,38.88089999675851
CAPITOL HILL,36,-77.00454929889275,38.88086641048494
CAPITOL HILL,37,-77.00306976368324,38.88086645877064
CAPITOL HILL,38,-77.00166404748428,38.88040381632074
CAPITOL HILL,39,-76.9984093294091,38.87953648040484
CAPITOL HILL,40,-76.99593371456473,38.87892104814353
CAPITOL HILL,41,-76.99299992672272,38.87824454995136
CAPITOL HILL,42,-76.99120183035615,38.8778111425776
CAPITOL HILL,43,-76.9891063334884,38.87728256948119
CAPITOL HILL,44,-76.98725417621178,38.87698647425009
CAPITOL HILL,45,-76.98567237894933,38.87695459038234
CAPITOL HILL,46,-76.98425277104889,38.87711291936689
CAPITOL HILL,47,-76.98273849064677,38.87742974689677
CAPITOL HILL,48,-76.98144048330207,38.87786284268824
FAR SOUTHEAST AND SOUTHWEST,1,-76.96229098860681,38.85169693369533
FAR SOUTHEAST AND SOUTHWEST,2,-76.96467067832667,38.85385717086773
FAR SOUTHEAST AND SOUTHWEST,3,-76.96758636113496,38.85735540446744
FAR SOUTHEAST AND SOUTHWEST,4,-76.96780182575644,38.85780489449751
FAR SOUTHEAST AND SOUTHWEST,5,-76.9679072165302,38.85802507143492
FAR SOUTHEAST AND SOUTHWEST,6,-76.96800326131084,38.85822567039888
FAR SOUTHEAST AND SOUTHWEST,7,-76.96816908481301,38.85857211671135
FAR SOUTHEAST AND SOUTHWEST,8,-76.96820110515999,38.8602485391043
FAR SOUTHEAST AND SOUTHWEST,9,-76.96823192453155,38.86056229283456
FAR SOUTHEAST AND SOUTHWEST,10,-76.96928874538152,38.86127508768732
FAR SOUTHEAST AND SOUTHWEST,11,-76.9700079485067,38.86176017990798
FAR SOUTHEAST AND SOUTHWEST,12,-76.97066487873015,38.8622031646918
FAR SOUTHEAST AND SOUTHWEST,13,-76.97701913384184,38.86497454137743
FAR SOUTHEAST AND SOUTHWEST,14,-76.98392509020786,38.86659425597082
FAR SOUTHEAST AND SOUTHWEST,15,-76.98406262939402,38.86668379141897
FAR SOUTHEAST AND SOUTHWEST,16,-76.98466676655667,38.86707771108161
FAR SOUTHEAST AND SOUTHWEST,17,-76.98487128733012,38.86712630210411
FAR SOUTHEAST AND SOUTHWEST,18,-76.98705766064042,38.86764553044514
FAR SOUTHEAST AND SOUTHWEST,19,-76.9871664376771,38.86950295942583
FAR SOUTHEAST AND SOUTHWEST,20,-76.98717289661646,38.86966244499395
FAR SOUTHEAST AND SOUTHWEST,21,-76.98867929583713,38.86904960554845
FAR SOUTHEAST AND SOUTHWEST,22,-76.98988718971361,38.86825077855225
FAR SOUTHEAST AND SOUTHWEST,23,-76.9907234586067,38.86723402358013
FAR SOUTHEAST AND SOUTHWEST,24,-76.99177652000584,38.86587820122602
FAR SOUTHEAST AND SOUTHWEST,25,-76.99261272816919,38.86503089862235
FAR SOUTHEAST AND SOUTHWEST,26,-76.99351082030344,38.86437728332169
FAR SOUTHEAST AND SOUTHWEST,27,-76.99530691741852,38.86382053204705
FAR SOUTHEAST AND SOUTHWEST,28,-76.99728877654321,38.86343323291129
FAR SOUTHEAST AND SOUTHWEST,29,-76.99896132216011,38.86310642533628
FAR SOUTHEAST AND SOUTHWEST,30,-77.00050961949879,38.86267064658237
FAR SOUTHEAST AND SOUTHWEST,31,-77.00184112399468,38.86189576496987
FAR SOUTHEAST AND SOUTHWEST,32,-77.00273909159881,38.86092734213647
FAR SOUTHEAST AND SOUTHWEST,33,-77.00320350742889,38.85971682358272
FAR SOUTHEAST AND SOUTHWEST,34,-77.00351309796204,38.85860301314113
FAR SOUTHEAST AND SOUTHWEST,35,-77.00388459412031,38.85727143893188
FAR SOUTHEAST AND SOUTHWEST,36,-77.00444185984891,38.8560367059389
FAR SOUTHEAST AND SOUTHWEST,37,-77.00512294200779,38.85460813026247
FAR SOUTHEAST AND SOUTHWEST,38,-77.0060207202993,38.85301021679022
FAR SOUTHEAST AND SOUTHWEST,39,-77.00676368696509,38.85182388245166
FAR SOUTHEAST AND SOUTHWEST,40,-77.00716642584119,38.85075846676596
FAR SOUTHEAST AND SOUTHWEST,41,-77.00738304346056,38.84966899988843
FAR SOUTHEAST AND SOUTHWEST,42,-77.00896204336983,38.84995941144167
FAR SOUTHEAST AND SOUTHWEST,43,-77.01364337149916,38.85099999110702
FAR SOUTHEAST AND SOUTHWEST,44,-77.03222378798401,38.8509963407401
FAR SOUTHEAST AND SOUTHWEST,45,-77.03229443756706,38.84879700110252
FAR SOUTHEAST AND SOUTHWEST,46,-77.03229668486854,38.84821341570127
FAR SOUTHEAST AND SOUTHWEST,47,-77.0323911080058,38.84764402903228
FAR SOUTHEAST AND SOUTHWEST,48,-77.03241157685879,38.84753874169309
FAR SOUTHEAST AND SOUTHWEST,49,-77.03250999526739,38.84704472739384
FAR SOUTHEAST AND SOUTHWEST,50,-77.03257177182422,38.84673454949056
FAR SOUTHEAST AND SOUTHWEST,51,-77.03264434767452,38.84643752985484
FAR SOUTHEAST AND SOUTHWEST,52,-77.03284842203237,38.84557350877523
FAR SOUTHEAST AND SOUTHWEST,53,-77.03302371262617,38.84475130356041
FAR SOUTHEAST AND SOUTHWEST,54,-77.03306825959648,38.84455654636361
FAR SOUTHEAST AND SOUTHWEST,55,-77.03339226571622,38.8438271212724
FAR SOUTHEAST AND SOUTHWEST,56,-77.03352818710971,38.84352368680816
FAR SOUTHEAST AND SOUTHWEST,57,-77.0336645069511,38.84328597769245
FAR SOUTHEAST AND SOUTHWEST,58,-77.03382310994137,38.84298865305021
FAR SOUTHEAST AND SOUTHWEST,59,-77.03391120991822,38.84280043198871
FAR SOUTHEAST AND SOUTHWEST,60,-77.0339417535861,38.84266959340886
FAR SOUTHEAST AND SOUTHWEST,61,-77.03395711669263,38.84244500830516
FAR SOUTHEAST AND SOUTHWEST,62,-77.03396100533804,38.84228975555779
FAR SOUTHEAST AND SOUTHWEST,63,-77.03401222118194,38.84173980180637
FAR SOUTHEAST AND SOUTHWEST,64,-77.03417325480774,38.84126055023992
FAR SOUTHEAST AND SOUTHWEST,65,-77.03426207085144,38.84105867183848
FAR SOUTHEAST AND SOUTHWEST,66,-77.03442719753997,38.84088092253781
FAR SOUTHEAST AND SOUTHWEST,67,-77.03454576097677,38.84040892570457
FAR SOUTHEAST AND SOUTHWEST,68,-77.03455145632948,38.84027682407415
FAR SOUTHEAST AND SOUTHWEST,69,-77.03458233433281,38.84012747280367
FAR SOUTHEAST AND SOUTHWEST,70,-77.0346953203488,38.84003425583769
FAR SOUTHEAST AND SOUTHWEST,71,-77.03617629587923,38.83956818629179
FAR SOUTHEAST AND SOUTHWEST,72,-77.03680612459934,38.8394128007475
FAR SOUTHEAST AND SOUTHWEST,73,-77.03697025197658,38.83939347078435
FAR SOUTHEAST AND SOUTHWEST,74,-77.03768903698098,38.83933116363973
FAR SOUTHEAST AND SOUTHWEST,75,-77.03827177900075,38.83929402133408
FAR SOUTHEAST AND SOUTHWEST,76,-77.0386655583553,38.83927278474106
FAR SOUTHEAST AND SOUTHWEST,77,-77.03917775906098,38.83927444265365
FAR SOUTHEAST AND SOUTHWEST,78,-77.04001860680407,38.83928372436091
FAR SOUTHEAST AND SOUTHWEST,79,-77.0402968822608,38.8393291663527
FAR SOUTHEAST AND SOUTHWEST,80,-77.04043944315816,38.83936570938639
FAR SOUTHEAST AND SOUTHWEST,81,-77.04077102756109,38.83949382937146
FAR SOUTHEAST AND SOUTHWEST,82,-77.0412148771554,38.83955117444559
FAR SOUTHEAST AND SOUTHWEST,83,-77.04146430775418,38.83952940275315
FAR SOUTHEAST AND SOUTHWEST,84,-77.04158920979715,38.83952281817718
FAR SOUTHEAST AND SOUTHWEST,85,-77.04172743102107,38.83952290397086
FAR SOUTHEAST AND SOUTHWEST,86,-77.04258743753007,38.83966792672864
FAR SOUTHEAST AND SOUTHWEST,87,-77.04272387682109,38.83969251498644
FAR SOUTHEAST AND SOUTHWEST,88,-77.04290640670526,38.83974480516213
FAR SOUTHEAST AND SOUTHWEST,89,-77.04299679946305,38.83981438021823
FAR SOUTHEAST AND SOUTHWEST,90,-77.0430857402577,38.83988261348006
FAR SOUTHEAST AND SOUTHWEST,91,-77.0431628443146,38.83999574918202
FAR SOUTHEAST AND SOUTHWEST,92,-77.0432601398474,38.84018369255101
FAR SOUTHEAST AND SOUTHWEST,93,-77.04332470134283,38.84039262867456
FAR SOUTHEAST AND SOUTHWEST,94,-77.04347485835976,38.84048871104728
FAR SOUTHEAST AND SOUTHWEST,95,-77.04356479628545,38.84039563821544
FAR SOUTHEAST AND SOUTHWEST,96,-77.04363926525298,38.84032255184554
FAR SOUTHEAST AND SOUTHWEST,97,-77.04375296697508,38.84025065785985
FAR SOUTHEAST AND SOUTHWEST,98,-77.04389655112736,38.84020330957063
FAR SOUTHEAST AND SOUTHWEST,99,-77.0442874518256,38.84017824452286
FAR SOUTHEAST AND SOUTHWEST,100,-77.04445951604926,38.84019725000374
FAR SOUTHEAST AND SOUTHWEST,101,-77.04469962615862,38.84022545384726
FAR SOUTHEAST AND SOUTHWEST,102,-77.04480119073843,38.84030775216637
FAR SOUTHEAST AND SOUTHWEST,103,-77.04488079951331,38.84040576057356
FAR SOUTHEAST AND SOUTHWEST,104,-77.04501767636279,38.84055449146425
FAR SOUTHEAST AND SOUTHWEST,105,-77.04509979685847,38.84063440977736
FAR SOUTHEAST AND SOUTHWEST,106,-77.04518910856753,38.84070151522877
FAR SOUTHEAST AND SOUTHWEST,107,-77.04527986085594,38.84076953891449
FAR SOUTHEAST AND SOUTHWEST,108,-77.04540374234,38.84085788172282
FAR SOUTHEAST AND SOUTHWEST,109,-77.04552401165608,38.84093503731011
FAR SOUTHEAST AND SOUTHWEST,110,-77.04575589814274,38.84104966927264
FAR SOUTHEAST AND SOUTHWEST,111,-77.04591251871913,38.84110513586705
FAR SOUTHEAST AND SOUTHWEST,112,-77.04608317900525,38.84115777706336
FAR SOUTHEAST AND SOUTHWEST,113,-77.04622790466523,38.84120072618187
FAR SOUTHEAST AND SOUTHWEST,114,-77.04635823847015,38.84123572637493
FAR SOUTHEAST AND SOUTHWEST,115,-77.04666999469553,38.84129225628988
FAR SOUTHEAST AND SOUTHWEST,116,-77.04681759205265,38.84130451173426
FAR SOUTHEAST AND SOUTHWEST,117,-77.04705876845053,38.84131813461963
FAR SOUTHEAST AND SOUTHWEST,118,-77.04764010188784,38.84131079112701
FAR SOUTHEAST AND SOUTHWEST,119,-77.04784668485604,38.84126854707389
FAR SOUTHEAST AND SOUTHWEST,120,-77.04759046359064,38.84082076961341
FAR SOUTHEAST AND SOUTHWEST,121,-77.04747839838936,38.8406470512152
FAR SOUTHEAST AND SOUTHWEST,122,-77.04726206546465,38.84064424729922
FAR SOUTHEAST AND SOUTHWEST,123,-77.04702268665677,38.84064575830926
FAR SOUTHEAST AND SOUTHWEST,124,-77.04682326370173,38.84062634418853
FAR SOUTHEAST AND SOUTHWEST,125,-77.04670986146066,38.84060639986964
FAR SOUTHEAST AND SOUTHWEST,126,-77.0463541480425,38.84048865706943
FAR SOUTHEAST AND SOUTHWEST,127,-77.04620977244696,38.84043276281795
FAR SOUTHEAST AND SOUTHWEST,128,-77.04609742512058,38.8403689733465
FAR SOUTHEAST AND SOUTHWEST,129,-77.04600557127087,38.84027216871917
FAR SOUTHEAST AND SOUTHWEST,130,-77.04592271221846,38.84015523559543
FAR SOUTHEAST AND SOUTHWEST,131,-77.04586072873042,38.84004413168796
FAR SOUTHEAST AND SOUTHWEST,132,-77.04597300028077,38.83999137005233
FAR SOUTHEAST AND SOUTHWEST,133,-77.04611555090447,38.8400054570896
FAR SOUTHEAST AND SOUTHWEST,134,-77.04631611229742,38.84011369531756
FAR SOUTHEAST AND SOUTHWEST,135,-77.0464384588467,38.84005558722357
FAR SOUTHEAST AND SOUTHWEST,136,-77.04646139551916,38.83990137139109
FAR SOUTHEAST AND SOUTHWEST,137,-77.04647573123367,38.83980551573808
FAR SOUTHEAST AND SOUTHWEST,138,-77.04642091181104,38.83964148460273
FAR SOUTHEAST AND SOUTHWEST,139,-77.04628541609907,38.83940407556531
FAR SOUTHEAST AND SOUTHWEST,140,-77.04623388513362,38.8393188670033
FAR SOUTHEAST AND SOUTHWEST,141,-77.04595507574005,38.83898658315596
FAR SOUTHEAST AND SOUTHWEST,142,-77.04588086723659,38.83890349133775
FAR SOUTHEAST AND SOUTHWEST,143,-77.04576781235556,38.8388457554943
FAR SOUTHEAST AND SOUTHWEST,144,-77.04565870758508,38.83878668474432
FAR SOUTHEAST AND SOUTHWEST,145,-77.04545739546641,38.83863164673308
FAR SOUTHEAST AND SOUTHWEST,146,-77.04537346419343,38.83852682097137
FAR SOUTHEAST AND SOUTHWEST,147,-77.04537733343466,38.83838043206514
FAR SOUTHEAST AND SOUTHWEST,148,-77.04542081330213,38.83826942197019
FAR SOUTHEAST AND SOUTHWEST,149,-77.04546213729941,38.83815553899939
FAR SOUTHEAST AND SOUTHWEST,150,-77.04546455428456,38.83800795252247
FAR SOUTHEAST AND SOUTHWEST,151,-77.04537878972711,38.83728287720435
FAR SOUTHEAST AND SOUTHWEST,152,-77.04536109349998,38.83718519637272
FAR SOUTHEAST AND SOUTHWEST,153,-77.04502923074217,38.83547955523637
FAR SOUTHEAST AND SOUTHWEST,154,-77.04500034234916,38.83533050339276
FAR SOUTHEAST AND SOUTHWEST,155,-77.0448791371129,38.83490286440219
FAR SOUTHEAST AND SOUTHWEST,156,-77.044785037623,38.83464580808658
FAR SOUTHEAST AND SOUTHWEST,157,-77.04456835910078,38.83406006177986
FAR SOUTHEAST AND SOUTHWEST,158,-77.04446313047627,38.83384973631352
FAR SOUTHEAST AND SOUTHWEST,159,-77.04441124760382,38.83376284242529
FAR SOUTHEAST AND SOUTHWEST,160,-77.04432261630647,38.83362633485545
FAR SOUTHEAST AND SOUTHWEST,161,-77.04425202569487,38.83355204182723
FAR SOUTHEAST AND SOUTHWEST,162,-77.04405906281002,38.83347864181245
FAR SOUTHEAST AND SOUTHWEST,163,-77.04390313809728,38.83334526722286
FAR SOUTHEAST AND SOUTHWEST,164,-77.04370737062894,38.83280926507697
FAR SOUTHEAST AND SOUTHWEST,165,-77.04363454277598,38.83259597190854
FAR SOUTHEAST AND SOUTHWEST,166,-77.04361360712214,38.8325063184929
FAR SOUTHEAST AND SOUTHWEST,167,-77.04359374022445,38.83239386425041
FAR SOUTHEAST AND SOUTHWEST,168,-77.04356775746011,38.83228097987955
FAR SOUTHEAST AND SOUTHWEST,169,-77.0434901887678,38.83195965886503
FAR SOUTHEAST AND SOUTHWEST,170,-77.04346384318212,38.83185565694497
FAR SOUTHEAST AND SOUTHWEST,171,-77.04342055416097,38.83169197123276
FAR SOUTHEAST AND SOUTHWEST,172,-77.04338126743019,38.83159444218186
FAR SOUTHEAST AND SOUTHWEST,173,-77.04328725052112,38.83145751238455
FAR SOUTHEAST AND SOUTHWEST,174,-77.043200464534,38.83137408110937
FAR SOUTHEAST AND SOUTHWEST,175,-77.04306543786748,38.8312786232614
FAR SOUTHEAST AND SOUTHWEST,176,-77.04295634355108,38.83121399169212
FAR SOUTHEAST AND SOUTHWEST,177,-77.04279073951606,38.83113748057036
FAR SOUTHEAST AND SOUTHWEST,178,-77.04263202247617,38.83113717831891
FAR SOUTHEAST AND SOUTHWEST,179,-77.04211278124896,38.83132352678655
FAR SOUTHEAST AND SOUTHWEST,180,-77.04202609911094,38.83141392195117
FAR SOUTHEAST AND SOUTHWEST,181,-77.04197503982994,38.83150528616576
FAR SOUTHEAST AND SOUTHWEST,182,-77.04192866298386,38.83158827981031
FAR SOUTHEAST AND SOUTHWEST,183,-77.04196688072908,38.8316927822859
FAR SOUTHEAST AND SOUTHWEST,184,-77.04210057933095,38.83199817514043
FAR SOUTHEAST AND SOUTHWEST,185,-77.04222024622256,38.83229541123589
FAR SOUTHEAST AND SOUTHWEST,186,-77.04252123331753,38.83306039078044
FAR SOUTHEAST AND SOUTHWEST,187,-77.04255476496313,38.83316460647615
FAR SOUTHEAST AND SOUTHWEST,188,-77.0425793127277,38.83328748196503
FAR SOUTHEAST AND SOUTHWEST,189,-77.0425613932472,38.83340614797223
FAR SOUTHEAST AND SOUTHWEST,190,-77.04251681324163,38.83349026722782
FAR SOUTHEAST AND SOUTHWEST,191,-77.04244919233349,38.83356453959007
FAR SOUTHEAST AND SOUTHWEST,192,-77.04234053546675,38.83364044833003
FAR SOUTHEAST AND SOUTHWEST,193,-77.04219768305354,38.83369708221925
FAR SOUTHEAST AND SOUTHWEST,194,-77.04204005689947,38.83372043498814
FAR SOUTHEAST AND SOUTHWEST,195,-77.04185324259774,38.83369988176192
FAR SOUTHEAST AND SOUTHWEST,196,-77.03975926932927,38.83249826336517
FAR SOUTHEAST AND SOUTHWEST,197,-77.03917922319715,38.83209863687259
FAR SOUTHEAST AND SOUTHWEST,198,-77.03908091280051,38.83199472116412
FAR SOUTHEAST AND SOUTHWEST,199,-77.03871286361061,38.83160311975052
FAR SOUTHEAST AND SOUTHWEST,200,-77.03858646673908,38.83146113414883
FAR SOUTHEAST AND SOUTHWEST,201,-77.03850291256674,38.83135918591761
FAR SOUTHEAST AND SOUTHWEST,202,-77.03798926723047,38.83059201312358
FAR SOUTHEAST AND SOUTHWEST,203,-77.0378688913042,38.83026563946502
FAR SOUTHEAST AND SOUTHWEST,204,-77.03784217926346,38.83012721501739
FAR SOUTHEAST AND SOUTHWEST,205,-77.0378175857908,38.82990059697867
FAR SOUTHEAST AND SOUTHWEST,206,-77.03779079241917,38.82958630022198
FAR SOUTHEAST AND SOUTHWEST,207,-77.03780439809186,38.8294639067697
FAR SOUTHEAST AND SOUTHWEST,208,-77.03784601703533,38.82921961064748
FAR SOUTHEAST AND SOUTHWEST,209,-77.03787042651854,38.82909960092032
FAR SOUTHEAST AND SOUTHWEST,210,-77.03801158843147,38.82858248692654
FAR SOUTHEAST AND SOUTHWEST,211,-77.03812257925465,38.8281598994463
FAR SOUTHEAST AND SOUTHWEST,212,-77.03831722032203,38.82738552162954
FAR SOUTHEAST AND SOUTHWEST,213,-77.03834810520132,38.82725257347644
FAR SOUTHEAST AND SOUTHWEST,214,-77.03857782596792,38.82612671802367
FAR SOUTHEAST AND SOUTHWEST,215,-77.03868175031249,38.82532169544975
FAR SOUTHEAST AND SOUTHWEST,216,-77.03870751119506,38.82504418086206
FAR SOUTHEAST AND SOUTHWEST,217,-77.03873587964067,38.82492473709495
FAR SOUTHEAST AND SOUTHWEST,218,-77.03877501392451,38.82475996810568
FAR SOUTHEAST AND SOUTHWEST,219,-77.03881202356749,38.82464862006202
FAR SOUTHEAST AND SOUTHWEST,220,-77.03890227359508,38.82449860790979
FAR SOUTHEAST AND SOUTHWEST,221,-77.03903098943398,38.82429052320077
FAR SOUTHEAST AND SOUTHWEST,222,-77.04011960465282,38.82363225600166
FAR SOUTHEAST AND SOUTHWEST,223,-77.04092017920503,38.82339620816177
FAR SOUTHEAST AND SOUTHWEST,224,-77.0410533009715,38.82335401074115
FAR SOUTHEAST AND SOUTHWEST,225,-77.04072007012924,38.82210638127552
FAR SOUTHEAST AND SOUTHWEST,226,-77.03990591315343,38.82183401192935
FAR SOUTHEAST AND SOUTHWEST,227,-77.03957752280768,38.82147969417
FAR SOUTHEAST AND SOUTHWEST,228,-77.03996750605664,38.82065423133769
FAR SOUTHEAST AND SOUTHWEST,229,-77.03974404309469,38.82002118261347
FAR SOUTHEAST AND SOUTHWEST,230,-77.03902692303733,38.81948408674751
FAR SOUTHEAST AND SOUTHWEST,231,-77.03892143200734,38.81937791197784
FAR SOUTHEAST AND SOUTHWEST,232,-77.03885010796287,38.8192527358593
FAR SOUTHEAST AND SOUTHWEST,233,-77.03885831556019,38.81912077687417
FAR SOUTHEAST AND SOUTHWEST,234,-77.03891907506808,38.81902545588562
FAR SOUTHEAST AND SOUTHWEST,235,-77.03901727353293,38.81893653639082
FAR SOUTHEAST AND SOUTHWEST,236,-77.03886282685671,38.81814258020353
FAR SOUTHEAST AND SOUTHWEST,237,-77.03872433800296,38.81757262340688
FAR SOUTHEAST AND SOUTHWEST,238,-77.03847869075076,38.81648254279947
FAR SOUTHEAST AND SOUTHWEST,239,-77.03842745572257,38.81621448514468
FAR SOUTHEAST AND SOUTHWEST,240,-77.03837881995739,38.81611146208144
FAR SOUTHEAST AND SOUTHWEST,241,-77.03832658799506,38.81600141355791
FAR SOUTHEAST AND SOUTHWEST,242,-77.03818105212072,38.81569545197326
FAR SOUTHEAST AND SOUTHWEST,243,-77.03812918357706,38.81559637557335
FAR SOUTHEAST AND SOUTHWEST,244,-77.03614000151572,38.81481249548204
FAR SOUTHEAST AND SOUTHWEST,245,-77.03613145348105,38.81428050182038
FAR SOUTHEAST AND SOUTHWEST,246,-77.03705485130844,38.81098106839698
FAR SOUTHEAST AND SOUTHWEST,247,-77.03748327158436,38.80940577819565
FAR SOUTHEAST AND SOUTHWEST,248,-77.03833477371057,38.80510197041982
FAR SOUTHEAST AND SOUTHWEST,249,-77.03878466971099,38.80278290681536
FAR SOUTHEAST AND SOUTHWEST,250,-77.03918532279732,38.80059096726239
FAR SOUTHEAST AND SOUTHWEST,251,-77.0391441585694,38.79767679118979
FAR SOUTHEAST AND SOUTHWEST,252,-77.03912357413404,38.79687525669821
FAR SOUTHEAST AND SOUTHWEST,253,-77.03904278793576,38.7932138808091
FAR SOUTHEAST AND SOUTHWEST,254,-77.03902264162893,38.79188239246199
FAR SOUTHEAST AND SOUTHWEST,255,-77.03902286844665,38.79164436927928
FAR SOUTHEAST AND SOUTHWEST,256,-76.96229098860681,38.85169693369533
LOWER ANACOSTIA WATERFRONT AND NEAR SOUTHWEST,1,-77.04369488930853,38.87416198692296
LOWER ANACOSTIA WATERFRONT AND NEAR SOUTHWEST,2,-77.04266797837577,38.87324731112097
LOWER ANACOSTIA WATERFRONT AND NEAR SOUTHWEST,3,-77.04171817570713,38.87235187661938
LOWER ANACOSTIA WATERFRONT AND NEAR SOUTHWEST,4,-77.04089562426735,38.87162953133075
LOWER ANACOSTIA WATERFRONT AND NEAR SOUTHWEST,5,-77.0408073506298,38.8715642512698
LOWER ANACOSTIA WATERFRONT AND NEAR SOUTHWEST,6,-77.04068628677358,38.8714484454129
LOWER ANACOSTIA WATERFRONT AND NEAR SOUTHWEST,7,-77.04053349833828,38.87127072665965
LOWER ANACOSTIA WATERFRONT AND NEAR SOUTHWEST,8,-77.04044774038918,38.8711696910844
LOWER ANACOSTIA WATERFRONT AND NEAR SOUTHWEST,9,-77.04020918259874,38.87088783736792
LOWER ANACOSTIA WATERFRONT AND NEAR SOUTHWEST,10,-77.03995222398325,38.87052407599945
LOWER ANACOSTIA WATERFRONT AND NEAR SOUTHWEST,11,-77.03954062200727,38.86986505287197
LOWER ANACOSTIA WATERFRONT AND NEAR SOUTHWEST,12,-77.0394537478499,38.86971954240784
LOWER ANACOSTIA WATERFRONT AND NEAR SOUTHWEST,13,-77.03933227274932,38.86949605773903
LOWER ANACOSTIA WATERFRONT AND NEAR SOUTHWEST,14,-77.03920791142018,38.86926132240147
LOWER ANACOSTIA WATERFRONT AND NEAR SOUTHWEST,15,-77.03885248024558,38.86858932374299
LOWER ANACOSTIA WATERFRONT AND NEAR SOUTHWEST,16,-77.03873677362812,38.86837161088488
LOWER ANACOSTIA WATERFRONT AND NEAR SOUTHWEST,17,-77.03864412822662,38.86818050112065
LOWER ANACOSTIA WATERFRONT AND NEAR SOUTHWEST,18,-77.0383513966812,38.86755901724096
LOWER ANACOSTIA WATERFRONT AND NEAR SOUTHWEST,19,-77.0382695576592,38.8673815423402
LOWER ANACOSTIA WATERFRONT AND NEAR SOUTHWEST,20,-77.03823134034543,38.86728190380258
LOWER ANACOSTIA WATERFRONT AND NEAR SOUTHWEST,21,-77.0381927541021,38.86718169784155
LOWER ANACOSTIA WATERFRONT AND NEAR SOUTHWEST,22,-77.03814227170837,38.86705123649443
LOWER ANACOSTIA WATERFRONT AND NEAR SOUTHWEST,23,-77.03800055732239,38.86667193842866
LOWER ANACOSTIA WATERFRONT AND NEAR SOUTHWEST,24,-77.03797024703604,38.86655371286327
LOWER ANACOSTIA WATERFRONT AND NEAR SOUTHWEST,25,-77.03794498300691,38.86645561945242
LOWER ANACOSTIA WATERFRONT AND NEAR SOUTHWEST,26,-77.03789229255965,38.86622295824311
LOWER ANACOSTIA WATERFRONT AND NEAR SOUTHWEST,27,-77.03779908584214,38.86565870137446
LOWER ANACOSTIA WATERFRONT AND NEAR SOUTHWEST,28,-77.03775026368899,38.86526530166308
LOWER ANACOSTIA WATERFRONT AND NEAR SOUTHWEST,29,-77.03773905132454,38.86515467293651
LOWER ANACOSTIA WATERFRONT AND NEAR SOUTHWEST,30,-77.03773647414187,38.86505304082365
LOWER ANACOSTIA WATERFRONT AND NEAR SOUTHWEST,31,-77.03773676041321,38.86491890541878
LOWER ANACOSTIA WATERFRONT AND NEAR SOUTHWEST,32,-77.03773815085896,38.8648245958618
LOWER ANACOSTIA WATERFRONT AND NEAR SOUTHWEST,33,-77.03777767360907,38.86465145032894
LOWER ANACOSTIA WATERFRONT AND NEAR SOUTHWEST,34,-77.03789956967968,38.86434709750375
LOWER ANACOSTIA WATERFRONT AND NEAR SOUTHWEST,35,-77.03794957605997,38.86425854653962
LOWER ANACOSTIA WATERFRONT AND NEAR SOUTHWEST,36,-77.03806115174956,38.86415814744672
LOWER ANACOSTIA WATERFRONT AND NEAR SOUTHWEST,37,-77.0382540863162,38.86403548884373
LOWER ANACOSTIA WATERFRONT AND NEAR SOUTHWEST,38,-77.03890719735361,38.86392815394289
LOWER ANACOSTIA WATERFRONT AND NEAR SOUTHWEST,39,-77.04041794128761,38.86370425900982
LOWER ANACOSTIA WATERFRONT AND NEAR SOUTHWEST,40,-77.04067718267353,38.86368474683156
LOWER ANACOSTIA WATERFRONT AND NEAR SOUTHWEST,41,-77.04084857295395,38.86367708389044
LOWER ANACOSTIA WATERFRONT AND NEAR SOUTHWEST,42,-77.04097639841673,38.86367140883854
LOWER ANACOSTIA WATERFRONT AND NEAR SOUTHWEST,43,-77.04158996769485,38.86368048858043
LOWER ANACOSTIA WATERFRONT AND NEAR SOUTHWEST,44,-77.04177685079199,38.86368463780148
LOWER ANACOSTIA WATERFRONT AND NEAR SOUTHWEST,45,-77.04190216975105,38.86370782560422
LOWER ANACOSTIA WATERFRONT AND NEAR SOUTHWEST,46,-77.04203217961964,38.86375267682892
LOWER ANACOSTIA WATERFRONT AND NEAR SOUTHWEST,47,-77.04218593903751,38.8637616297932
LOWER ANACOSTIA WATERFRONT AND NEAR SOUTHWEST,48,-77.04245738680567,38.86369157202667
LOWER ANACOSTIA WATERFRONT AND NEAR SOUTHWEST,49,-77.04265210944892,38.86356792357618
LOWER ANACOSTIA WATERFRONT AND NEAR SOUTHWEST,50,-77.04276542237672,38.86337983139381
LOWER ANACOSTIA WATERFRONT AND NEAR SOUTHWEST,51,-77.04266024279008,38.86331497322377
LOWER ANACOSTIA WATERFRONT AND NEAR SOUTHWEST,52,-77.04257424342373,38.86341634932264
LOWER ANACOSTIA WATERFRONT AND NEAR SOUTHWEST,53,-77.04247057343876,38.86346777109726
LOWER ANACOSTIA WATERFRONT AND NEAR SOUTHWEST,54,-77.04234850943307,38.86345373527628
LOWER ANACOSTIA WATERFRONT AND NEAR SOUTHWEST,55,-77.04221561406231,38.86341944331139
LOWER ANACOSTIA WATERFRONT AND NEAR SOUTHWEST,56,-77.04184214662962,38.8632895142008
LOWER ANACOSTIA WATERFRONT AND NEAR SOUTHWEST,57,-77.04172725426719,38.86324353130719
LOWER ANACOSTIA WATERFRONT AND NEAR SOUTHWEST,58,-77.04158498813386,38.86316306481763
LOWER ANACOSTIA WATERFRONT AND NEAR SOUTHWEST,59,-77.04147186833616,38.86307358839411
LOWER ANACOSTIA WATERFRONT AND NEAR SOUTHWEST,60,-77.04134254246654,38.86297355072375
LOWER ANACOSTIA WATERFRONT AND NEAR SOUTHWEST,61,-77.04087822092602,38.86263280860084
LOWER ANACOSTIA WATERFRONT AND NEAR SOUTHWEST,62,-77.04076404632507,38.86256964544738
LOWER ANACOSTIA WATERFRONT AND NEAR SOUTHWEST,63,-77.0406264516497,38.8624936803605
LOWER ANACOSTIA WATERFRONT AND NEAR SOUTHWEST,64,-77.04038839003437,38.86238707623777
LOWER ANACOSTIA WATERFRONT AND NEAR SOUTHWEST,65,-77.04027461737252,38.8624017542212
LOWER ANACOSTIA WATERFRONT AND NEAR SOUTHWEST,66,-77.04015510482394,38.86245415232183
LOWER ANACOSTIA WATERFRONT AND NEAR SOUTHWEST,67,-77.04002876808437,38.86254245119184
LOWER ANACOSTIA WATERFRONT AND NEAR SOUTHWEST,68,-77.03991288847617,38.86264298879163
LOWER ANACOSTIA WATERFRONT AND NEAR SOUTHWEST,69,-77.03983696485928,38.86273887331254
LOWER ANACOSTIA WATERFRONT AND NEAR SOUTHWEST,70,-77.03981864822418,38.86282798183598
LOWER ANACOSTIA WATERFRONT AND NEAR SOUTHWEST,71,-77.03981441409333,38.86298337850955
LOWER ANACOSTIA WATERFRONT AND NEAR SOUTHWEST,72,-77.03980733777237,38.86320760046688
LOWER ANACOSTIA WATERFRONT AND NEAR SOUTHWEST,73,-77.03965146788326,38.86327549590587
LOWER ANACOSTIA WATERFRONT AND NEAR SOUTHWEST,74,-77.03953267113357,38.86331311931166
LOWER ANACOSTIA WATERFRONT AND NEAR SOUTHWEST,75,-77.03922553355382,38.86333419449938
LOWER ANACOSTIA WATERFRONT AND NEAR SOUTHWEST,76,-77.0383268224373,38.86338305735398
LOWER ANACOSTIA WATERFRONT AND NEAR SOUTHWEST,77,-77.03813343239145,38.86331823303885
LOWER ANACOSTIA WATERFRONT AND NEAR SOUTHWEST,78,-77.03806461415128,38.86323985522907
LOWER ANACOSTIA WATERFRONT AND NEAR SOUTHWEST,79,-77.03800475211499,38.86305942709546
LOWER ANACOSTIA WATERFRONT AND NEAR SOUTHWEST,80,-77.03798453360193,38.86295681877547
LOWER ANACOSTIA WATERFRONT AND NEAR SOUTHWEST,81,-77.03792639062496,38.86262803037594
LOWER ANACOSTIA WATERFRONT AND NEAR SOUTHWEST,82,-77.03786314444768,38.8621917010663
LOWER ANACOSTIA WATERFRONT AND NEAR SOUTHWEST,83,-77.03781043583243,38.8619400499098
LOWER ANACOSTIA WATERFRONT AND NEAR SOUTHWEST,84,-77.0377740084055,38.86181942994108
LOWER ANACOSTIA WATERFRONT AND NEAR SOUTHWEST,85,-77.03761567190482,38.86131515361761
LOWER ANACOSTIA WATERFRONT AND NEAR SOUTHWEST,86,-77.0375310162171,38.86122002490522
LOWER ANACOSTIA WATERFRONT AND NEAR SOUTHWEST,87,-77.03678694487556,38.86086922154006
LOWER ANACOSTIA WATERFRONT AND NEAR SOUTHWEST,88,-77.03541386132949,38.85978075299554
LOWER ANACOSTIA WATERFRONT AND NEAR SOUTHWEST,89,-77.03532163703046,38.8596783101137
LOWER ANACOSTIA WATERFRONT AND NEAR SOUTHWEST,90,-77.0351324907199,38.85943133818274
LOWER ANACOSTIA WATERFRONT AND NEAR SOUTHWEST,91,-77.03506042797427,38.85932451993433
LOWER ANACOSTIA WATERFRONT AND NEAR SOUTHWEST,92,-77.0350481206299,38.85920263063903
LOWER ANACOSTIA WATERFRONT AND NEAR SOUTHWEST,93,-77.03500738053825,38.85908581260367
LOWER ANACOSTIA WATERFRONT AND NEAR SOUTHWEST,94,-77.03489565421526,38.85884712279308
LOWER ANACOSTIA WATERFRONT AND NEAR SOUTHWEST,95,-77.03481887946336,38.85869175038185
LOWER ANACOSTIA WATERFRONT AND NEAR SOUTHWEST,96,-77.0345709272845,38.85819748671175
LOWER ANACOSTIA WATERFRONT AND NEAR SOUTHWEST,97,-77.03379542477117,38.85675003252479
LOWER ANACOSTIA WATERFRONT AND NEAR SOUTHWEST,98,-77.0337226410511,38.85661915210113
LOWER ANACOSTIA WATERFRONT AND NEAR SOUTHWEST,99,-77.03346175535206,38.85615248246297
LOWER ANACOSTIA WATERFRONT AND NEAR SOUTHWEST,100,-77.03320520445028,38.85570944909334
LOWER ANACOSTIA WATERFRONT AND NEAR SOUTHWEST,101,-77.03314394263387,38.85560066268756
LOWER ANACOSTIA WATERFRONT AND NEAR SOUTHWEST,102,-77.03293712017864,38.85523264577759
LOWER ANACOSTIA WATERFRONT AND NEAR SOUTHWEST,103,-77.03288305529362,38.85511413709931
LOWER ANACOSTIA WATERFRONT AND NEAR SOUTHWEST,104,-77.03283835425779,38.85498944597668
LOWER ANACOSTIA WATERFRONT AND NEAR SOUTHWEST,105,-77.03283506759963,38.85488232765053
LOWER ANACOSTIA WATERFRONT AND NEAR SOUTHWEST,106,-77.03277764833314,38.85450807049723
LOWER ANACOSTIA WATERFRONT AND NEAR SOUTHWEST,107,-77.03266867291195,38.85395492927813
LOWER ANACOSTIA WATERFRONT AND NEAR SOUTHWEST,108,-77.0326116507984,38.85366470253579
LOWER ANACOSTIA WATERFRONT AND NEAR SOUTHWEST,109,-77.03248535371074,38.85301640982315
LOWER ANACOSTIA WATERFRONT AND NEAR SOUTHWEST,110,-77.03245937275224,38.85288537136456
LOWER ANACOSTIA WATERFRONT AND NEAR SOUTHWEST,111,-77.03237751706621,38.85260177255872
LOWER ANACOSTIA WATERFRONT AND NEAR SOUTHWEST,112,-77.03232163113384,38.85242415072792
LOWER ANACOSTIA WATERFRONT AND NEAR SOUTHWEST,113,-77.03228156768157,38.85218023141906
LOWER ANACOSTIA WATERFRONT AND NEAR SOUTHWEST,114,-77.03221655245719,38.8517092793781
LOWER ANACOSTIA WATERFRONT AND NEAR SOUTHWEST,115,-77.0321998727236,38.85145789457203
LOWER ANACOSTIA WATERFRONT AND NEAR SOUTHWEST,116,-77.03221636765026,38.85129981899352
LOWER ANACOSTIA WATERFRONT AND NEAR SOUTHWEST,117,-77.03222378798401,38.8509963407401
LOWER ANACOSTIA WATERFRONT AND NEAR SOUTHWEST,118,-77.01364337149916,38.85099999110702
LOWER ANACOSTIA WATERFRONT AND NEAR SOUTHWEST,119,-77.00896204336983,38.84995941144167
LOWER ANACOSTIA WATERFRONT AND NEAR SOUTHWEST,120,-77.00738304346056,38.84966899988843
LOWER ANACOSTIA WATERFRONT AND NEAR SOUTHWEST,121,-77.00716642584119,38.85075846676596
LOWER ANACOSTIA WATERFRONT AND NEAR SOUTHWEST,122,-77.00676368696509,38.85182388245166
LOWER ANACOSTIA WATERFRONT AND NEAR SOUTHWEST,123,-77.0060207202993,38.85301021679022
LOWER ANACOSTIA WATERFRONT AND NEAR SOUTHWEST,124,-77.00512294200779,38.85460813026247
LOWER ANACOSTIA WATERFRONT AND NEAR SOUTHWEST,125,-77.00444185984891,38.8560367059389
LOWER ANACOSTIA WATERFRONT AND NEAR SOUTHWEST,126,-77.00388459412031,38.85727143893188
LOWER ANACOSTIA WATERFRONT AND NEAR SOUTHWEST,127,-77.00351309796204,38.85860301314113
LOWER ANACOSTIA WATERFRONT AND NEAR SOUTHWEST,128,-77.00320350742889,38.85971682358272
LOWER ANACOSTIA WATERFRONT AND NEAR SOUTHWEST,129,-77.00273909159881,38.86092734213647
LOWER ANACOSTIA WATERFRONT AND NEAR SOUTHWEST,130,-77.00184112399468,38.86189576496987
LOWER ANACOSTIA WATERFRONT AND NEAR SOUTHWEST,131,-77.00050961949879,38.86267064658237
LOWER ANACOSTIA WATERFRONT AND NEAR SOUTHWEST,132,-76.99896132216011,38.86310642533628
LOWER ANACOSTIA WATERFRONT AND NEAR SOUTHWEST,133,-76.99728877654321,38.86343323291129
LOWER ANACOSTIA WATERFRONT AND NEAR SOUTHWEST,134,-76.99530691741852,38.86382053204705
LOWER ANACOSTIA WATERFRONT AND NEAR SOUTHWEST,135,-76.99351082030344,38.86437728332169
LOWER ANACOSTIA WATERFRONT AND NEAR SOUTHWEST,136,-76.99261272816919,38.86503089862235
LOWER ANACOSTIA WATERFRONT AND NEAR SOUTHWEST,137,-76.99177652000584,38.86587820122602
LOWER ANACOSTIA WATERFRONT AND NEAR SOUTHWEST,138,-76.9907234586067,38.86723402358013
LOWER ANACOSTIA WATERFRONT AND NEAR SOUTHWEST,139,-76.98988718971361,38.86825077855225
LOWER ANACOSTIA WATERFRONT AND NEAR SOUTHWEST,140,-76.98867929583713,38.86904960554845
LOWER ANACOSTIA WATERFRONT AND NEAR SOUTHWEST,141,-76.98717289661646,38.86966244499395
LOWER ANACOSTIA WATERFRONT AND NEAR SOUTHWEST,142,-76.98636009072476,38.86989727415727
LOWER ANACOSTIA WATERFRONT AND NEAR SOUTHWEST,143,-76.98105615722476,38.87249095514332
LOWER ANACOSTIA WATERFRONT AND NEAR SOUTHWEST,144,-76.98059477941374,38.87270791886484
LOWER ANACOSTIA WATERFRONT AND NEAR SOUTHWEST,145,-76.97954923653695,38.87315464734612
LOWER ANACOSTIA WATERFRONT AND NEAR SOUTHWEST,146,-76.97501824180473,38.87509085161922
LOWER ANACOSTIA WATERFRONT AND NEAR SOUTHWEST,147,-76.97463536219811,38.87525446973608
LOWER ANACOSTIA WATERFRONT AND NEAR SOUTHWEST,148,-76.97459471224383,38.87526600966921
LOWER ANACOSTIA WATERFRONT AND NEAR SOUTHWEST,149,-76.98049400361077,38.87819029676908
LOWER ANACOSTIA WATERFRONT AND NEAR SOUTHWEST,150,-76.98144048330207,38.87786284268824
LOWER ANACOSTIA WATERFRONT AND NEAR SOUTHWEST,151,-76.98273849064677,38.87742974689677
LOWER ANACOSTIA WATERFRONT AND NEAR SOUTHWEST,152,-76.98425277104889,38.87711291936689
LOWER ANACOSTIA WATERFRONT AND NEAR SOUTHWEST,153,-76.98567237894933,38.87695459038234
LOWER ANACOSTIA WATERFRONT AND NEAR SOUTHWEST,154,-76.98725417621178,38.87698647425009
LOWER ANACOSTIA WATERFRONT AND NEAR SOUTHWEST,155,-76.9891063334884,38.87728256948119
LOWER ANACOSTIA WATERFRONT AND NEAR SOUTHWEST,156,-76.99120183035615,38.8778111425776
LOWER ANACOSTIA WATERFRONT AND NEAR SOUTHWEST,157,-76.99299992672272,38.87824454995136
LOWER ANACOSTIA WATERFRONT AND NEAR SOUTHWEST,158,-76.99593371456473,38.87892104814353
LOWER ANACOSTIA WATERFRONT AND NEAR SOUTHWEST,159,-76.9984093294091,38.87953648040484
LOWER ANACOSTIA WATERFRONT AND NEAR SOUTHWEST,160,-77.00166404748428,38.88040381632074
LOWER ANACOSTIA WATERFRONT AND NEAR SOUTHWEST,161,-77.00306976368324,38.88086645877064
LOWER ANACOSTIA WATERFRONT AND NEAR SOUTHWEST,162,-77.00454929889275,38.88086641048494
LOWER ANACOSTIA WATERFRONT AND NEAR SOUTHWEST,163,-77.00571117035591,38.88089999675851
LOWER ANACOSTIA WATERFRONT AND NEAR SOUTHWEST,164,-77.00654638570889,38.88092402333476
LOWER ANACOSTIA WATERFRONT AND NEAR SOUTHWEST,165,-77.00906182244765,38.88155992862573
LOWER ANACOSTIA WATERFRONT AND NEAR SOUTHWEST,166,-77.01224293085272,38.88242698413777
LOWER ANACOSTIA WATERFRONT AND NEAR SOUTHWEST,167,-77.02501085803726,38.88242494763195
LOWER ANACOSTIA WATERFRONT AND NEAR SOUTHWEST,168,-77.02760006497718,38.88230866067919
LOWER ANACOSTIA WATERFRONT AND NEAR SOUTHWEST,169,-77.02841394975151,38.88207720213449
LOWER ANACOSTIA WATERFRONT AND NEAR SOUTHWEST,170,-77.02944922626533,38.88161441890782
LOWER ANACOSTIA WATERFRONT AND NEAR SOUTHWEST,171,-77.03055852640726,38.88074679704974
LOWER ANACOSTIA WATERFRONT AND NEAR SOUTHWEST,172,-77.03211139429986,38.87964777993063
LOWER ANACOSTIA WATERFRONT AND NEAR SOUTHWEST,173,-77.03322078151459,38.87912709075402
LOWER ANACOSTIA WATERFRONT AND NEAR SOUTHWEST,174,-77.03477410856392,38.87912663855192
LOWER ANACOSTIA WATERFRONT AND NEAR SOUTHWEST,175,-77.03654977567267,38.87935735980413
LOWER ANACOSTIA WATERFRONT AND NEAR SOUTHWEST,176,-77.03795508242217,38.87935691152827
LOWER ANACOSTIA WATERFRONT AND NEAR SOUTHWEST,177,-77.03936043897956,38.87877822452077
LOWER ANACOSTIA WATERFRONT AND NEAR SOUTHWEST,178,-77.04369488930853,38.87416198692296
